-0.668770738438	0.265804188822	0.0
-0.400134545653	0.34976531901	0.0
-1.5347942419	0.0909482699813	0.0
0.42272560388	1.27150978854	0.0
-1.23773969536	-0.101206256607	0.0
-0.799316127638	0.110504645318	0.0
-0.232084805173	0.669338975196	0.0
0.240416547012	1.41585258696	0.0
0.576756916621	1.65870022975	0.0
0.758045716725	2.10643057759	0.0
0.213185446835	1.27606066223	0.0
-0.263601890073	1.2327145371	0.0
0.205792752384	1.15907988807	0.0
-1.29360566667	-0.338532472293	0.0
0.363054391843	1.60987691868	0.0
-1.04853473275	0.704044913555	0.0
0.317540813769	0.573029081345	0.0
0.47986756214	1.40437842769	0.0
1.34976019469	1.68297963584	0.0
-0.150791351341	0.570953165708	0.0
0.295638567181	0.98157040182	0.0
0.0259161928296	0.675735430119	0.0
-0.984727051874	0.120295885126	0.0
-1.37832137067	-0.706049819456	0.0
-0.216013473059	0.594693836282	0.0
-1.69522508605	-0.272291698455	0.0
0.163224761402	1.09748777813	0.0
-0.0585170024951	0.223944731388	0.0
-1.23442066439	0.389010237254	0.0
-0.103263724135	0.725351370797	0.0
-0.548975024374	0.726670992595	0.0
0.286198498664	0.630013328623	0.0
0.143130788866	0.98623421239	0.0
0.676190096906	1.77367653776	0.0
-0.366653729847	1.18931168889	0.0
-0.544891908532	0.45926395465	0.0
0.0203170055172	0.917017707145	0.0
-0.58892955453	0.0599812966127	0.0
-0.716437999162	0.483073245576	0.0
1.82367611443	2.61537131367	0.0
-0.110747163258	0.384051340788	0.0
-0.46210346245	0.722729955595	0.0
0.18856689954	1.35249541403	0.0
-0.543700878257	1.13662208685	0.0
-0.0654116012419	0.866792047249	0.0
0.465988778224	1.59564384137	0.0
-0.288001957333	0.58676369612	0.0
0.36064618364	1.25563533336	0.0
0.342705382056	1.19913074437	0.0
-0.0480785904157	0.906969622571	0.0
-0.274600131928	0.99428862003	0.0
0.754115793923	1.89868843849	0.0
0.471310885623	1.04139187564	0.0
-0.891041797558	-0.0632648991378	0.0
-0.347214108851	0.645772358612	0.0
0.759875042996	2.0883414571	0.0
1.2840409012	2.30285649545	0.0
-0.198235775499	0.295928811582	0.0
-0.162807724685	0.534285299695	0.0
-0.115659563489	1.41574955099	0.0
0.570770827556	1.54125508693	0.0
-0.148696169919	1.45585255759	0.0
0.659420168508	2.05182549964	0.0
-1.11539793611	0.328015412391	0.0
-0.799782392777	0.0724952212385	0.0
1.27983241156	2.27072182037	0.0
-0.754149132065	0.580973189092	0.0
-0.506022005255	0.292201857927	0.0
1.14853077429	2.50682519725	0.0
0.0246576998593	0.665234276967	0.0
0.448421312852	1.16827681897	0.0
-0.200106563028	0.433280444196	0.0
0.767753875847	1.60257146382	0.0
0.834445422293	0.936820271449	0.0
-0.314528105033	0.185886975632	0.0
0.670776481767	1.82103541963	0.0
-0.213124710391	1.16111410455	0.0
-0.119669208676	0.608950125707	0.0
0.280960901375	2.12422995307	0.0
1.30213213441	2.24786958328	0.0
-0.291076743184	0.969876075937	0.0
0.394139784985	1.16786849784	0.0
0.555327898596	0.915726034123	0.0
-0.0228070080793	1.17685730327	0.0
-1.2424606265	-0.0112886762407	0.0
-0.381748335808	0.40564990813	0.0
-0.475898706713	0.439484107776	0.0
0.796332105063	2.07843180021	0.0
-0.237887882848	0.750980447606	0.0
0.222594201039	1.05478441855	0.0
-0.819872104847	0.139680020123	0.0
0.360016748184	0.937343698958	0.0
-0.776613346048	0.0286514061569	0.0
0.250643890491	0.475387004037	0.0
0.921205127805	1.8217625056	0.0
-0.376998193852	0.87307732845	0.0
-0.850820935409	0.437400576635	0.0
-0.258291207851	0.619065933778	0.0
-0.0922876234891	1.15417409102	0.0
-0.582364891994	0.242093103893	0.0
-0.275519342306	0.383246174738	0.0
-0.79923707569	-0.0002911829642	0.0
0.481545944992	1.47286603494	0.0
0.982544204207	1.51682063048	0.0
0.0474440306397	1.32773020058	0.0
-0.616204061176	0.0702725956598	0.0
0.985142623166	1.60407754017	0.0
0.769646543333	1.19473364324	0.0
-1.03240140873	-0.405016860986	0.0
-0.333101666398	1.23345018813	0.0
0.239663383906	0.82729127771	0.0
0.414995179309	1.66644128944	0.0
0.692407712775	1.01139080354	0.0
0.179616164996	0.933547087823	0.0
0.236567461883	1.73687355472	0.0
-0.243259447392	1.04112229813	0.0
1.87680248502	2.85527621359	0.0
0.098524395041	1.13689575357	0.0
-0.483425437787	0.398246546527	0.0
-1.52903003273	-0.501728995109	0.0
1.74806931203	2.44411620387	0.0
0.373368138582	0.712419293006	0.0
0.290861665353	1.00230829027	0.0
-0.763010351214	0.683063910552	0.0
0.0181666588873	0.661319323245	0.0
-0.538237169296	1.08742443433	0.0
-0.164056306465	0.818757477974	0.0
-0.918840135508	0.247703536951	0.0
-0.204161237808	1.22625469141	0.0
0.118591424195	1.25356990986	0.0
0.263741317881	0.986502739497	0.0
-0.345024663727	1.09161889395	0.0
-0.28784485453	0.732763032188	0.0
-0.794725731175	0.391113753682	0.0
-0.870254789915	-0.186974382477	0.0
-0.794364218092	-0.621673532093	0.0
-0.8476114444	1.05820066614	0.0
0.313474518586	1.66894710202	0.0
-0.912523891101	0.138716415306	0.0
0.0378808032169	0.77115335471	0.0
0.513078650154	1.08596001526	0.0
0.471897962813	0.99360650045	0.0
0.662667057492	1.38106742151	0.0
0.177120892415	1.71021224506	0.0
-0.28407938469	1.08031604856	0.0
-0.256469328575	0.961598764245	0.0
0.547584178025	1.64846998155	0.0
0.800174860993	1.63348705702	0.0
-0.788743934312	0.0871702398206	0.0
0.266971614013	0.726070211498	0.0
-0.269095427873	0.770612912232	0.0
0.285317761577	1.28250526966	0.0
0.47889446874	1.74339633124	0.0
-0.0731474192127	1.29405585584	0.0
0.184477607401	0.902252991921	0.0
0.567593704592	1.70986437126	0.0
-0.00725533754712	1.10123568728	0.0
0.302441678232	0.891017285986	0.0
-0.11125274567	0.541068495464	0.0
-0.215491551863	1.16815735902	0.0
1.14617155525	1.64306054054	0.0
-0.0744069517275	0.794995300651	0.0
-0.109748085216	1.47924268435	0.0
1.09185869398	1.58689799799	0.0
-0.760765137833	0.945168978053	0.0
0.781124685126	1.40593690659	0.0
0.0733461002569	0.998102230846	0.0
-0.253068708804	0.669619313739	0.0
-0.216881803418	0.927700761942	0.0
1.0677267131	2.08674235408	0.0
-0.910369543346	0.00220943868648	0.0
0.52908839982	1.19839867885	0.0
0.30299788762	1.09045229901	0.0
1.60848222231	2.68246221194	0.0
-0.0114839192202	0.877302972148	0.0
-0.699855396553	0.548525618338	0.0
0.0650297597185	1.49431818322	0.0
-0.761767669705	0.331264282418	0.0
0.342860295423	0.922563119931	0.0
-0.259875359512	0.762176091417	0.0
-0.548075972407	0.23583269761	0.0
0.362555881735	1.20923392127	0.0
-0.682935163696	0.356753466427	0.0
-1.04918742654	-1.00592670249	0.0
-0.763380264479	-0.0714839698805	0.0
0.481881295948	1.39118274288	0.0
-0.413450169736	0.771089303548	0.0
-1.35967723637	-0.398377387261	0.0
-0.0153932764325	0.933026608377	0.0
0.167543971964	2.04906223793	0.0
-0.450989860761	0.372409654328	0.0
-0.37204333208	0.0079974288214	0.0
0.327071060747	0.895714931665	0.0
0.268107512841	1.40608800626	0.0
-0.168480299383	0.984339254261	0.0
-0.598594079105	0.327622097997	0.0
0.936932637438	1.75622680397	0.0
-0.278651936763	0.175356135443	0.0
-0.276072180701	0.278464179631	0.0
0.549879895576	1.21561917143	0.0
-0.705964891181	0.562922006128	0.0
0.302314387497	1.02770937594	0.0
-0.540733591539	0.758197710558	0.0
-1.32398632827	-0.55615708451	0.0
-0.245037355113	1.08748305442	0.0
-0.1787280258	1.01505151056	0.0
0.418804741788	0.963087114108	0.0
0.77693658095	1.18533713186	0.0
-0.654672199444	-0.0727499983946	0.0
0.641549454955	1.61549491912	0.0
-0.535881339766	-0.191607233387	0.0
0.652296963261	1.49607666591	0.0
0.0156655829411	1.29104123429	0.0
0.529513314973	1.2400795412	0.0
0.557846195586	1.54233225537	0.0
0.172100864195	1.25787773089	0.0
-1.26545310992	0.520277170115	0.0
-0.746291674289	0.726800333015	0.0
0.0879248874002	0.824959553887	0.0
-0.184895696086	0.72316916948	0.0
0.884977296859	1.76996270624	0.0
-0.375850064022	0.676280096201	0.0
0.950441010995	1.92452367664	0.0
-0.0850093958142	1.2530644731	0.0
-0.207167694666	0.844702117661	0.0
0.52283769144	1.65092632978	0.0
0.419550317079	1.05002939068	0.0
1.07656152816	2.14233148895	0.0
0.146637506845	1.10296200944	0.0
0.164157874467	0.788341309662	0.0
1.81334692933	2.00742765512	0.0
0.450786149185	0.933903281032	0.0
0.312770871984	1.76635126756	0.0
-0.0154978727433	0.708246511691	0.0
0.773723904704	1.50573536236	0.0
0.500235794905	1.64572568083	0.0
-0.0420810130538	0.712712674118	0.0
0.0320742302264	0.526567145293	0.0
0.955922809463	1.61092490341	0.0
0.284870606382	1.79855844095	0.0
-0.231516934084	0.943024000454	0.0
-0.297461050084	0.745627434033	0.0
-0.181134358663	0.394569474642	0.0
-0.953239868228	0.270324448615	0.0
0.061587780731	0.674289385781	0.0
0.778276464182	1.98412193643	0.0
-0.763915452089	0.0424787446394	0.0
-0.096759562048	1.22945264273	0.0
-0.481483589658	0.806296208242	0.0
-0.609358453364	0.659462607432	0.0
0.506889611638	1.60659170048	0.0
-0.198748549133	0.57959728567	0.0
-0.044154666563	1.10038875156	0.0
1.36002613641	2.20780375627	0.0
-0.506616818561	0.599057742627	0.0
0.323799299105	1.57787594261	0.0
0.478600368692	1.15775408148	0.0
1.8783953188	2.6488719539	0.0
0.317432865241	1.65153155504	0.0
-0.900172738326	0.464908058706	0.0
-0.895866104774	0.448602212501	0.0
0.81155423671	1.55496189028	0.0
-0.954419729981	1.03263015226	0.0
-1.10947183995	-0.331363890819	0.0
-0.540576236719	1.19032033487	0.0
0.762014725481	2.08674014668	0.0
-0.106639693919	0.772799400535	0.0
-1.24386704708	-0.356104726216	0.0
0.187877420115	1.54400666308	0.0
-0.708155208413	0.691136352483	0.0
-0.210262513492	1.00617086836	0.0
-0.240966465998	1.12266765699	0.0
-0.0943636653612	0.82161640222	0.0
0.279413668865	1.32614522102	0.0
0.851811815961	1.01565859806	0.0
-0.726755222681	0.408551820081	0.0
-0.0606119830288	0.820818346891	0.0
0.0959691507924	1.3547238755	0.0
-0.536012157457	0.699850556033	0.0
-0.252188320226	0.875643712978	0.0
-0.168345957827	1.22234953977	0.0
-0.0441342690962	0.706869724495	0.0
-1.25348270119	0.155690081598	0.0
0.054264321826	1.74263341669	0.0
-0.724972914425	0.678162411192	0.0
0.0993925448807	0.73216401943	0.0
0.563334349444	1.83483874048	0.0
0.490488930679	1.29916074266	0.0
-0.160091211127	1.06566306919	0.0
0.797034102699	1.53203052011	0.0
-0.0153968581564	1.5301540169	0.0
-1.32176981908	-0.448500302733	0.0
-1.35288799287	0.475939486929	0.0
0.0299618346239	1.12263284984	0.0
-0.857046249015	0.775440299546	0.0
0.202650705308	0.898428969033	0.0
0.346061213938	0.954631851004	0.0
1.19879180442	1.91714170744	0.0
-0.29091115874	0.495329718601	0.0
-0.516165928194	0.692879701289	0.0
-0.49793196721	0.695852447955	0.0
-0.176645227377	1.09071880339	0.0
0.618558900653	1.879672054	0.0
-0.083973752519	1.14093802471	0.0
-0.253150488524	0.814817136625	0.0
-0.826961753337	0.398939966877	0.0
-0.462766798695	0.580610255779	0.0
0.556543851096	1.63336916856	0.0
-0.920957465277	-0.542540643421	0.0
-0.815869128232	0.579820807388	0.0
-0.271825397813	0.651415123272	0.0
-0.373933900978	1.24061716374	0.0
0.242996484257	1.39928178322	0.0
1.48441610691	1.72712570759	0.0
1.31297531163	2.34208206961	0.0
-0.0146043837927	0.434961426265	0.0
-0.935940963845	0.434409417572	0.0
-0.532163742784	0.680265445422	0.0
-0.00197449339543	1.3603964703	0.0
-1.17591589657	0.0303809471023	0.0
0.218772435496	0.594500093064	0.0
-0.289525704531	0.953737527601	0.0
0.765128432059	2.0851131893	0.0
0.177848783186	1.20046725169	0.0
-1.11257872639	-0.252131828116	0.0
-0.589293868094	0.358877573281	0.0
0.0731465567838	0.694625968904	0.0
0.451463429929	1.12650359556	0.0
-0.47046040241	0.120750936954	0.0
0.0577445492321	1.22923311796	0.0
0.168649103362	0.851392592764	0.0
0.412795843853	0.675633503049	0.0
0.47973176823	1.25672686847	0.0
0.581469938163	1.20668486656	0.0
-0.880876008484	0.0162533102096	0.0
-0.559453207064	0.474201588328	0.0
0.0429875922105	1.10864548817	0.0
-0.768472293253	0.119821832452	0.0
0.409433530893	1.49396422238	0.0
-0.377870263738	0.767122844276	0.0
0.101600425936	1.51017217022	0.0
0.130677956486	1.21467777273	0.0
0.138627481541	1.05428505048	0.0
-0.53095916443	0.674054743673	0.0
-0.138120215143	0.787493169947	0.0
-0.195256633448	0.814767962296	0.0
0.468797116816	1.30867250616	0.0
0.202477624893	0.652367296815	0.0
0.000328446464864	0.410061642491	0.0
0.0849854369561	0.601614143569	0.0
-0.425724732061	1.02899867643	0.0
0.0131507694222	1.07968130709	0.0
0.25511277918	1.46844123525	0.0
-0.911675658807	-0.249044237273	0.0
1.18413245294	2.08568344168	0.0
-0.872645826007	-0.0788423351884	0.0
-0.105650154508	0.827530620161	0.0
-1.16852150074	0.386635104448	0.0
0.126001138535	1.31614429409	0.0
-0.429238383563	0.351843045131	0.0
0.00351138086691	0.442823017622	0.0
0.0379368916596	1.52094845122	0.0
0.293770351112	1.0410684587	0.0
-0.399644908183	1.38718803055	0.0
-0.0896031081303	1.47114287369	0.0
-0.456122144822	0.898262854646	0.0
-0.608959329402	0.1564998014	0.0
0.116619269882	1.34611116239	0.0
-0.349439656087	0.70119542507	0.0
0.688449835326	1.09663060379	0.0
-0.344894534635	0.85202066362	0.0
0.843847150625	1.91860428086	0.0
-0.0617114565202	0.883930406585	0.0
-0.607936732209	0.610969747611	0.0
0.497279648904	1.58745099444	0.0
0.502868288637	1.82518960909	0.0
0.253636281572	1.25902937813	0.0
0.311052609973	0.93840108363	0.0
0.389875571223	1.49078894314	0.0
0.0659188601825	1.20763191393	0.0
-0.832060037968	0.362714599954	0.0
-0.235537790413	0.693471903404	0.0
-0.582283287898	0.0790164146548	0.0
-1.00680866082	0.106265164608	0.0
-1.02641744218	0.294859326823	0.0
-0.333768173556	0.10148464841	0.0
0.937321798306	1.19586142483	0.0
-0.237790083717	0.856035547817	0.0
0.249649277304	1.75619403251	0.0
-1.13070975523	0.376645703889	0.0
0.17910665678	1.23334154092	0.0
-1.22807688116	-0.359946564536	0.0
-0.964922423548	0.446281525129	0.0
0.370282604557	2.05992078613	0.0
-0.979162548317	-0.108492177563	0.0
-0.821099955203	0.959679381773	0.0
0.489972971429	1.80654140568	0.0
2.20510744166	3.28562334848	0.0
-0.6203021613	0.505926681842	0.0
0.0450943222725	0.81940851434	0.0
-0.105661388608	0.843917307591	0.0
-0.224534699374	1.1540094437	0.0
0.363272999579	1.94459957132	0.0
-0.658916713999	0.31935723297	0.0
-0.259228814886	0.372236886347	0.0
0.628645359506	1.37014999485	0.0
-0.130715184272	0.638163036806	0.0
0.210711200745	0.672211750341	0.0
-0.0741609000091	0.495741220911	0.0
-0.980422848344	0.247818884604	0.0
-0.0171568452952	1.11951959056	0.0
0.379842814533	1.27636997983	0.0
0.113120463514	0.909841808683	0.0
-0.206506620359	0.226671926703	0.0
-0.827755417185	0.220498628601	0.0
-0.278295849609	0.587599579505	0.0
1.10727000516	2.19173412619	0.0
-0.144246612929	0.94364921019	0.0
-0.628437419077	0.110296334384	0.0
-0.373636776081	0.203947426261	0.0
0.238259552918	0.569660743275	0.0
-0.247215278994	0.784902926367	0.0
-0.506759970848	1.24726047494	0.0
0.462475431589	1.12920515798	0.0
-0.260872692692	0.865967482109	0.0
0.48456555901	1.97893317889	0.0
-0.478669478325	0.0400395381806	0.0
0.403011905689	1.25407809276	0.0
-1.62092564542	-0.48851538234	0.0
-0.835614355555	0.467874855785	0.0
0.247559747595	0.974782337161	0.0
-0.872657427063	0.158353958535	0.0
0.0831721440937	1.49696557887	0.0
-1.13784325054	-0.170496017701	0.0
-0.420709616379	0.790497948024	0.0
0.579369492908	0.981706615715	0.0
1.25597117978	1.65802799398	0.0
-0.255030792241	0.746297542	0.0
-1.02768103475	0.106757777763	0.0
0.140221154186	-0.0233258687175	0.0
-0.923387340377	-0.0779253142618	0.0
0.910262715955	1.27701697128	0.0
-0.478959832675	0.33094605024	0.0
0.830073700871	1.55581023594	0.0
0.227033871198	1.59199345916	0.0
0.694431695267	1.97300144785	0.0
0.671483563334	1.61025347438	0.0
0.837124094189	1.6730667601	0.0
0.945490915437	1.36879363397	0.0
-0.605840234002	0.262977721939	0.0
0.418371980077	0.820870448962	0.0
0.968707582553	1.7935579711	0.0
0.345559741274	0.47395828332	0.0
0.863683283141	2.11984643354	0.0
-0.656137980936	0.796538944149	0.0
0.750450191545	1.53030685697	0.0
0.313728596092	1.67956437736	0.0
0.370481250143	1.42596512117	0.0
0.444518328105	2.20079845006	0.0
1.33865386946	2.26442765968	0.0
-0.407724284066	0.982330633916	0.0
0.497156691986	1.14575684446	0.0
1.02232718237	1.5094545788	0.0
-0.14759439609	1.74917341459	0.0
1.39231781046	2.18439709667	0.0
-0.811026833517	0.376825494845	0.0
0.28709033935	1.5632709505	0.0
0.953701962839	2.7605592623	0.0
1.21487442872	1.82680481213	0.0
-0.422897707934	1.37323547797	0.0
-0.0782047483617	1.31065336084	0.0
0.600152483851	1.73935417803	0.0
-0.724457898211	0.538031355205	0.0
-1.01347154945	0.356132239962	0.0
-0.0938864359001	1.36621792387	0.0
-0.947485158064	0.00400439721795	0.0
-0.0475739678501	0.901096714559	0.0
0.387263175534	0.909030532951	0.0
-0.938798504679	-0.490295206481	0.0
0.551752479857	1.77056683048	0.0
-0.202920796647	0.378279698436	0.0
0.35507278831	1.77809905425	0.0
0.549086041373	1.09666732483	0.0
-0.351392532608	0.089160334928	0.0
-0.139807903035	0.647354858515	0.0
0.704176513683	1.60334891624	0.0
-0.848210218102	0.848478433277	0.0
-0.425606568976	0.976457125397	0.0
0.382014977975	1.66548104837	0.0
0.287753816348	1.69865224945	0.0
0.726316040832	1.78788844187	0.0
-0.870431787645	0.478052970333	0.0
0.0409380984154	1.1086547465	0.0
0.0012635747757	0.71595922142	0.0
0.694198637801	1.51855188783	0.0
-0.77164242759	-0.143698828283	0.0
-0.237094628023	0.415162487399	0.0
-0.0213766369582	0.687401655021	0.0
0.154868162018	0.798318337785	0.0
-0.09853014051	1.19992951011	0.0
0.324190654559	1.47953408028	0.0
0.956406568961	1.64543049189	0.0
0.671797174894	1.19479280025	0.0
-0.831238145604	0.23756240317	0.0
0.000726507634114	1.39502584845	0.0
-1.4463490377	-0.000875138405836	0.0
-0.401745579969	0.22535471063	0.0
0.791969379622	1.48050731486	0.0
-0.993044597521	0.627752086389	0.0
0.0300838479389	1.5154074698	0.0
-0.26608908594	0.289372772181	0.0
0.390281891506	2.28295697786	0.0
-1.07723183498	-0.182348791583	0.0
0.645388573069	1.65116078541	0.0
-0.0713065707485	0.945910887353	0.0
-0.118940427809	0.923137963216	0.0
0.324030324954	1.31359764721	0.0
0.478276763841	1.06505778323	0.0
1.57117645516	2.19215644438	0.0
-0.136238283812	0.60306130324	0.0
-0.0666427192776	0.298541562446	0.0
0.640879628959	1.71402366657	0.0
-0.647171444934	0.413145874088	0.0
0.441592914368	0.813765530877	0.0
0.314912189427	1.16882303405	0.0
-1.01884518808	-0.597720869255	0.0
0.450366626099	1.49442284584	0.0
-0.221161951041	1.28452474768	0.0
-0.51023029782	0.800435543717	0.0
-0.306606881761	0.827660649876	0.0
0.260043060116	1.42933473619	0.0
-0.270408085229	0.62336363281	0.0
-0.215615930588	0.831169801541	0.0
-0.497060097027	0.294972687619	0.0
0.250812565707	1.17704095451	0.0
-0.185083611731	0.814008935297	0.0
-0.0939456547246	0.926916999541	0.0
-0.144916207807	1.19561661122	0.0
0.164980184306	1.35280247234	0.0
0.337791138372	1.49983879351	0.0
0.229801588695	0.87056618435	0.0
0.861774511818	1.84828623504	0.0
0.245641861157	1.68947311565	0.0
-0.120980981371	0.477285735516	0.0
0.343125587141	1.76480718486	0.0
-0.332344954012	1.30263623988	0.0
0.951193425573	1.59719543353	0.0
-0.949924818063	0.249534748753	0.0
0.175005223014	1.07875677609	0.0
0.0385379071808	0.964486442678	0.0
-0.224372159065	0.684278527005	0.0
0.794402246904	1.83363934783	0.0
-0.693759734732	0.465839879549	0.0
0.534061823349	1.39250622932	0.0
0.480332792315	1.28953200541	0.0
-0.354493961913	1.38104202538	0.0
-0.802245061737	-0.0396714474245	0.0
-0.532629311127	0.413960168234	0.0
1.05989170897	2.84996105727	0.0
0.727920977048	2.01959114627	0.0
-0.839897435946	0.129407602603	0.0
1.39853729359	2.31527934842	0.0
0.555829137789	0.91788212987	0.0
0.631267397053	1.53208254318	0.0
-0.0284184967537	1.37505322642	0.0
1.18223855498	1.55873179055	0.0
0.597536292178	1.29586388623	0.0
-0.578192467279	0.407619681193	0.0
-0.550990553545	0.316609908071	0.0
0.589661593625	1.31318122138	0.0
1.01914739512	2.1053424661	0.0
1.29594252659	2.10152064073	0.0
0.881523359154	1.05467693705	0.0
-0.447693315692	0.358624741575	0.0
0.202646688707	1.56242761167	0.0
1.51181450827	1.90507717924	0.0
-1.05689631907	-0.467673058617	0.0
0.0679935562432	1.55929916958	0.0
0.642996386895	2.42263790931	0.0
0.2704007535	1.38290469735	0.0
-0.215930913269	0.293983352885	0.0
0.098369659404	1.14980376885	0.0
-0.323364241182	0.473899406205	0.0
-0.260299347367	0.819369521104	0.0
-0.425632106711	0.551680901653	0.0
-0.231273555047	1.27001055689	0.0
-0.211604954832	0.521423130552	0.0
0.321985856708	0.968814872091	0.0
0.289595051125	0.683424717147	0.0
0.0823422574954	1.10182192306	0.0
-0.411851375564	0.364825055476	0.0
-0.537033897522	0.990430664769	0.0
-0.755914300703	-0.144117409085	0.0
0.444168564315	1.80189739544	0.0
-0.367354085209	0.825237050132	0.0
0.0183325278803	1.06393960997	0.0
0.550672995099	2.24843419409	0.0
0.151829781406	0.635171429066	0.0
-0.750271268282	0.960838246343	0.0
-0.927769001369	-0.0490753177397	0.0
0.483585819586	1.86683773998	0.0
0.608684420272	1.6230552755	0.0
-0.95327640435	-0.151277391808	0.0
-0.0424064939814	0.81545259655	0.0
-0.209806047625	0.466306297343	0.0
-0.191373150245	0.0490026403896	0.0
-0.493987669607	0.379305182409	0.0
0.58947499673	1.25630416456	0.0
0.141273219694	0.41640209718	0.0
-0.471194692533	0.894970968715	0.0
-0.0794126905178	0.752535637363	0.0
-0.383992757062	0.202321790449	0.0
0.124691459077	0.786450066965	0.0
-0.0543478839669	0.978131359564	0.0
-0.212644134397	0.68917575909	0.0
-0.191943655485	0.745484907049	0.0
-0.170819867078	0.451591043187	0.0
-0.0590463567012	0.615284544015	0.0
-0.870398858998	0.48557904504	0.0
-0.976461104391	-0.145515493738	0.0
-0.157434302778	1.15146868455	0.0
0.432733443474	1.57292071617	0.0
0.458570463762	1.11400424965	0.0
0.0197561795293	1.08607473789	0.0
-0.913281355121	-0.379957042876	0.0
0.99822372075	1.97632568964	0.0
-0.113147542839	0.439997911482	0.0
0.649689821967	1.67502773793	0.0
0.545559164459	1.27584592526	0.0
-1.30377515825	-0.148608861841	0.0
0.957058407394	1.29318446406	0.0
-0.516572992137	0.840549530147	0.0
-0.370911983556	0.823243134762	0.0
-0.215229141688	0.758516927508	0.0
0.684667138189	1.736008911	0.0
-0.251844646409	1.18603696977	0.0
-0.717637906156	1.12353483576	0.0
0.126776033709	1.08754024009	0.0
0.130696371307	0.882901741371	0.0
-0.216438936027	1.07679709658	0.0
-0.444791985247	0.397427149133	0.0
-0.441107723666	0.710533872306	0.0
0.514490761545	1.59211041408	0.0
-0.576788162627	0.264454168882	0.0
-0.372137610906	0.455476073686	0.0
-0.477564066092	0.44829451575	0.0
-0.516191635511	0.431041404044	0.0
-0.777739610684	0.246467676172	0.0
-0.523859344664	0.362248737928	0.0
-1.64474350371	-0.486880841412	0.0
0.62626559135	1.80401400972	0.0
-0.237294690225	0.682504861858	0.0
0.637158044948	0.757176958538	0.0
-0.232780351756	-0.217765933357	0.0
-0.0450478554874	1.60752822981	0.0
-0.924929932535	0.791356433656	0.0
-0.688766426849	0.658056304886	0.0
0.2387843079	0.596881885374	0.0
0.342788754049	1.52362966563	0.0
-0.394788018307	0.531067694528	0.0
1.2545768981	2.15749776225	0.0
0.416553283049	0.95806040825	0.0
1.29768127073	1.97849470825	0.0
-0.473906781769	1.14114891425	0.0
0.883500957406	2.00398459408	0.0
0.49068565755	1.14829798377	0.0
-0.158248659947	0.915659412512	0.0
-0.602658445797	0.399614876731	0.0
-0.0491252221259	1.16550684798	0.0
-0.101648265904	1.33950271847	0.0
1.03740614962	0.841049643299	0.0
0.0220440898671	1.52973843733	0.0
-0.159499338966	0.977456311443	0.0
0.0583846432524	0.90169925142	0.0
-0.0729575190026	0.384423260511	0.0
0.235920075549	1.37182360571	0.0
-0.359786128723	1.01352862743	0.0
-0.161685722448	0.774537209436	0.0
-0.150402542551	1.16182429079	0.0
-1.23849374532	-0.508812574645	0.0
-0.0553654840201	1.35309426437	0.0
0.045657336184	1.36014133644	0.0
0.589760983685	1.23768376647	0.0
-0.439794274644	0.919719832585	0.0
-0.119915827794	0.805760602955	0.0
0.319488687366	1.27435278338	0.0
-0.68417879405	0.167766123477	0.0
-0.024568939254	1.23867121617	0.0
1.05838711999	1.31638207506	0.0
-0.213624274318	0.92132142706	0.0
0.279685473642	1.42366678726	0.0
-0.369489114994	1.05272806674	0.0
-0.741050802804	0.873196342138	0.0
0.572488243911	0.931060067264	0.0
-0.227057720563	0.490258029072	0.0
0.0904750611501	0.851769893556	0.0
0.455220701729	1.31917071191	0.0
-0.31505561954	1.07002479854	0.0
0.308651535937	0.95554749278	0.0
0.362697282286	2.23808065489	0.0
-0.805375685115	0.0359950790832	0.0
-0.647461775423	-0.00308802008468	0.0
0.414283461966	0.474639591289	0.0
-0.930937797664	0.409348374274	0.0
-0.953323472545	-0.479713690618	0.0
0.809765557904	1.36255378221	0.0
0.5808948823	1.34585489935	0.0
-0.466996147903	0.780513147178	0.0
-0.459417285997	0.111325297171	0.0
0.258344609603	1.1827730835	0.0
0.651045375782	1.90603046196	0.0
0.383307253802	1.39266632422	0.0
-0.0214412461588	0.586832245801	0.0
-0.423012369394	0.877779864135	0.0
0.345105839016	1.31020013275	0.0
0.0776126576212	0.448367939253	0.0
-1.277102726	-0.189993502974	0.0
-0.158449924791	0.873597331098	0.0
-1.05922021362	0.0896891034883	0.0
-0.0446374818627	0.871150466666	0.0
0.576727005192	1.53784097816	0.0
-0.0797560536231	1.30061302169	0.0
-0.0502801140348	0.609426425538	0.0
-0.657269502987	1.08578099472	0.0
-1.31287270682	-0.591550628267	0.0
0.281004686387	1.51382330753	0.0
-0.532573539121	0.381010586471	0.0
-0.216911322623	1.68400410051	0.0
-0.857749767415	0.21278617733	0.0
0.705268356335	1.70997425731	0.0
1.26120032288	2.10786593661	0.0
1.45054758553	2.70742302288	0.0
-1.02062644037	0.106438813384	0.0
-0.249985224103	0.938020427909	0.0
0.12962005384	1.64038104638	0.0
-0.359584220322	0.810100303982	0.0
-0.211888544634	1.39714630059	0.0
1.21253250572	1.97180913584	0.0
-0.39416926397	0.655375524728	0.0
-0.858065704863	0.148231909154	0.0
0.77595921158	1.27488085577	0.0
-0.181067279353	1.11436937498	0.0
0.675487737351	2.32375112265	0.0
0.599745068513	1.59096717026	0.0
-0.103466940468	0.481728077998	0.0
0.00513434387402	0.71289233508	0.0
0.821898562289	1.69026797077	0.0
-0.150286037103	0.135975439467	0.0
-0.0574454956165	1.4005939345	0.0
0.398887207275	1.33209538007	0.0
-0.466526967573	0.23106400337	0.0
-0.142441480128	0.322732900173	0.0
-0.00463059543357	0.896701009359	0.0
-0.651315694606	0.653658344151	0.0
0.421026616049	1.02161882074	0.0
0.823952611999	1.63256177396	0.0
-0.265639166541	0.385413477883	0.0
0.264102672761	1.02415788608	0.0
0.611726685549	1.07473222622	0.0
-0.0173818894667	0.453444017529	0.0
0.644197118021	1.00670426676	0.0
-0.640044005799	0.12850829535	0.0
-0.71669379292	-0.261315857497	0.0
0.16255588999	0.943624007764	0.0
0.322887377194	0.827237214089	0.0
0.422177658667	1.13279678655	0.0
-0.137648963226	0.799337403775	0.0
0.216305230527	1.05418158468	0.0
0.133907325562	1.25022864508	0.0
0.646772825079	1.37630888634	0.0
-0.325250577971	0.62908248618	0.0
-0.771030708259	0.444799958674	0.0
-0.0211905031869	1.7472127127	0.0
0.148672818551	1.43271131694	0.0
-0.0864790557962	0.936144098214	0.0
0.566067543262	2.28002931827	0.0
0.957177813327	2.10775131029	0.0
-0.0837243653514	0.610562743943	0.0
-0.109509312834	1.46355508038	0.0
-0.619357978662	0.341278072644	0.0
-0.654480635332	0.409954865342	0.0
-0.361233724558	0.950399230448	0.0
0.564565128403	1.85808417343	0.0
-1.12671793524	0.904564162729	0.0
0.578489559583	1.36381459365	0.0
-0.497500836185	0.954910312616	0.0
0.464978403308	1.49861722552	0.0
-0.212103140722	0.909835012078	0.0
0.245548685479	1.42967798969	0.0
0.687606938333	1.23310888351	0.0
-0.109497741155	0.854312122281	0.0
1.32937430614	2.28248111162	0.0
-0.184381377173	0.916810422965	0.0
0.616640537196	1.44366296381	0.0
-0.34778277721	0.47964996097	0.0
-0.559124462929	0.610001011864	0.0
0.0332064817935	1.26972699879	0.0
-0.374868286663	0.899470046576	0.0
0.342462241244	1.20500142086	0.0
-0.526511859291	0.559560820396	0.0
-0.0303354332865	0.216769976294	0.0
0.177353414933	0.686330602484	0.0
0.265236569497	1.75280443715	0.0
-0.472187010639	0.503959583494	0.0
1.3358159855	1.78269335007	0.0
0.274919348149	1.19612376757	0.0
-0.795125656616	0.6568595816	0.0
0.735502055445	2.0437377831	0.0
0.937740925585	2.01070259859	0.0
-0.103287886474	0.206580771763	0.0
-0.0311885430465	1.32763329766	0.0
0.837686759706	1.52529054722	0.0
-0.33942586335	0.454822120485	0.0
-0.0894917760861	0.786488053265	0.0
-0.269738285934	0.687982402413	0.0
0.165846106562	0.608133065403	0.0
-0.481034356293	0.434123139228	0.0
-0.238678216965	1.00877660076	0.0
0.647892594263	2.21428947635	0.0
-1.04850617282	-0.867281536656	0.0
1.05576083665	2.31839417172	0.0
-0.216149978282	0.920667220719	0.0
-0.394319069482	1.32206111891	0.0
0.369748164027	1.48118584647	0.0
-0.260990313864	0.579216602854	0.0
0.492111656352	1.26285974746	0.0
0.310841966342	1.48158355849	0.0
-0.0870352535293	1.12004206627	0.0
0.187675265591	1.04353345881	0.0
1.01208235245	1.84235790185	0.0
0.129453989992	1.16365671199	0.0
0.347737151923	1.59842629565	0.0
-0.183082804798	0.916993065008	0.0
0.0955859680188	1.3552710032	0.0
0.149717779985	1.18994065972	0.0
0.230083802889	1.17107537227	0.0
0.19608713865	0.948343539381	0.0
-0.169686101041	1.57000366458	0.0
0.0495139347407	1.49982934296	0.0
-0.957298668285	-0.0585838688293	0.0
0.462541505695	1.42482809485	0.0
0.139058495943	1.06439451288	0.0
-0.626287602995	0.239934235116	0.0
-0.22114938296	0.465463817533	0.0
0.240172648351	1.37527133053	0.0
0.146228698313	1.12836935059	0.0
-0.539393026663	0.929072385056	0.0
-0.442769475162	0.986902477208	0.0
0.477182739996	1.26957002385	0.0
0.515938328616	1.39322179373	0.0
-1.17670498547	0.392786854111	0.0
-0.796594814713	0.626594309193	0.0
-0.644985409634	0.672529875276	0.0
1.06096699725	2.37774513783	0.0
-0.029629925412	1.54874309002	0.0
-0.200247714928	1.1810374111	0.0
-0.463918975365	0.828669762312	0.0
-1.17810613374	0.34815028481	0.0
1.18375564303	1.54805921501	0.0
1.04154519963	1.69995619927	0.0
-0.837180237336	-0.171237189983	0.0
-0.207761687813	0.526316928308	0.0
0.704934441724	2.24733524779	0.0
-0.0379879778358	1.55175139064	0.0
1.02645448363	2.62016232893	0.0
-0.153413811369	1.27612216902	0.0
0.0621430601269	0.979228785847	0.0
0.63081003285	1.81719625389	0.0
-0.15560291769	1.02958842775	0.0
-0.775903269446	0.287852163721	0.0
-0.270818576098	0.613599332702	0.0
0.472483161964	1.60073592795	0.0
-0.45425020592	1.03240113442	0.0
0.170733827032	0.750414208517	0.0
1.0623887415	2.28088201537	0.0
-0.145416589681	1.29526621605	0.0
0.132419086492	0.992807181719	0.0
-0.10655731643	1.14322329798	0.0
-0.605523706017	0.445148875804	0.0
0.0434894913895	1.3125192108	0.0
-0.59480058117	1.12545555144	0.0
1.32637768808	2.2945840165	0.0
0.385089351884	0.607971984129	0.0
-0.0779157744394	0.841000522052	0.0
-0.717445875878	0.636278064406	0.0
0.81106097234	1.98063824205	0.0
-1.01682828865	-0.209891971872	0.0
0.352352214923	1.66491616436	0.0
0.10636826493	1.59347942905	0.0
-1.53539269316	-0.0499638555402	0.0
-1.10606399217	-0.0166589647863	0.0
0.4292077785	1.53599367335	0.0
0.405611744827	1.5134293429	0.0
-0.0362991314952	1.29918252972	0.0
-0.439785294637	-0.0125120911887	0.0
0.762676089795	2.12203568562	0.0
0.29332296781	1.40559489428	0.0
-1.17633676918	-0.219785210911	0.0
-1.05569506693	0.161106081169	0.0
0.278785234684	1.0492475466	0.0
-1.31876950962	-0.325571299927	0.0
0.170792380613	1.54254878796	0.0
-0.520776672982	0.742504897006	0.0
0.183986634092	1.1966020852	0.0
-0.10462867589	1.09057430331	0.0
-0.609949194053	-0.0889241415465	0.0
-0.0223398798477	0.862224324327	0.0
-0.0652928526872	1.4017937541	0.0
-1.27301273984	-0.246804624458	0.0
-0.985417497031	-0.0780805259391	0.0
0.0313683186374	1.07199659192	0.0
0.0992154766324	1.13079257035	0.0
0.441368719885	1.20604766656	0.0
-0.354843471026	0.63321025166	0.0
-0.638417072813	0.562137250451	0.0
-0.304298428272	0.512068599307	0.0
-0.541316036154	0.0910899905179	0.0
-0.645091930164	1.04455174097	0.0
-0.255365327271	0.376391321944	0.0
-0.672451461328	0.528089993984	0.0
0.899784784754	1.4244243872	0.0
0.188640241679	1.61360180208	0.0
0.190895989866	1.07839683775	0.0
-0.27972400919	0.559502443601	0.0
-0.104961258183	1.02497393772	0.0
-1.00882776283	-0.256066265447	0.0
-0.034191173074	0.960455865808	0.0
0.643747708372	1.12174900246	0.0
0.143327884314	0.494929292578	0.0
-0.555754461722	0.196958895184	0.0
0.17667418143	1.10563514703	0.0
-0.159910915957	0.650800391519	0.0
0.275271697877	1.10385364262	0.0
-0.418118722986	0.790766580083	0.0
-0.371095757103	0.426360510523	0.0
-0.1165738449	1.33525650648	0.0
-0.952920449369	0.403407066496	0.0
-0.120675253317	1.47931613296	0.0
0.234685521608	1.36007560631	0.0
-0.332246947062	1.15281011959	0.0
0.0643532841967	0.752529056992	0.0
-0.128655540733	0.251255918294	0.0
0.267361743483	1.49739524591	0.0
0.352091629552	0.701247182444	0.0
-0.861426273616	0.730502657723	0.0
0.457858718974	0.759204044618	0.0
-0.0728872462769	0.835848569381	0.0
-0.0317848572018	0.588477375318	0.0
-1.63195296266	-0.593468761285	0.0
0.203700461435	1.11999838717	0.0
-0.154286189135	1.20678583757	0.0
-0.332329827255	1.04243802623	0.0
-1.00535495594	0.0396782102126	0.0
0.958675406473	1.8462056789	0.0
0.146258116795	0.849462012264	0.0
-0.921146234938	0.494329845874	0.0
-0.569164735947	0.541723806666	0.0
-0.252695650883	0.76740916648	0.0
0.303695663912	1.52828885251	0.0
0.22934157876	1.27891400826	0.0
-0.360109152907	1.06939010284	0.0
-0.861623345694	0.327164637585	0.0
-0.66299855523	0.496616916636	0.0
0.477894065092	1.51913996242	0.0
0.433861560354	0.875722074861	0.0
0.58053436239	1.17825622518	0.0
-0.0835330639324	1.1246377914	0.0
-0.392278140192	0.822885196058	0.0
0.0898967184052	1.59119314712	0.0
0.593453966964	1.10337336472	0.0
0.0807879095108	0.873912663726	0.0
0.564949732452	1.5420414682	0.0
0.258439115364	1.73430312182	0.0
0.920847254244	1.33291086886	0.0
0.282302727014	1.51045565264	0.0
1.09108950188	1.89355447098	0.0
0.0509514531376	0.825691721791	0.0
-0.269555140724	0.86229728039	0.0
0.212354946989	0.956405738407	0.0
0.180748724428	1.00306399934	0.0
1.42100383373	1.80437729162	0.0
-0.591702057927	0.844006974782	0.0
0.474698728813	1.92869491973	0.0
0.445692640065	1.1989070606	0.0
0.0527278256129	0.739931362508	0.0
0.417131258104	1.41268342071	0.0
0.363744653661	1.52796613036	0.0
0.153074248972	0.773522669278	0.0
-0.629457452086	0.0186511259091	0.0
0.166034511644	1.04545683454	0.0
0.5327761837	1.59974060651	0.0
-0.111940939692	0.476630785721	0.0
0.0255885431882	1.33492603154	0.0
-0.103353797687	1.00471257627	0.0
-0.0819438099377	0.771866060886	0.0
-0.0185003210101	1.32480973628	0.0
-0.588036517243	1.26215745242	0.0
-0.0982914607377	0.997468631648	0.0
-0.249471065311	0.404516036567	0.0
-0.504912246598	0.26688321264	0.0
0.965413115592	0.40202067176	1.0
0.0476872476651	-0.683935892058	1.0
1.76323614922	1.87150096667	1.0
0.643332832831	0.292910173235	1.0
0.855197588063	1.19820288574	1.0
1.00344674106	0.674851530289	1.0
1.40312269936	1.47332545308	1.0
-0.334755839764	-0.973887279022	1.0
0.571951661689	-0.0125348685281	1.0
1.38676890404	1.31336466629	1.0
0.197838887877	0.126459957653	1.0
0.805820952352	0.458733329411	1.0
0.169647691121	-0.290917449203	1.0
0.0886249192388	-0.176770122655	1.0
1.07316890571	2.49759746334	1.0
1.37255325345	1.91500675663	1.0
1.11938177401	1.77667439256	1.0
2.31454813495	2.02327279681	1.0
0.546815169965	-0.55949159298	1.0
-0.00589682899048	0.134762064843	1.0
-0.192393406019	0.491008329902	1.0
2.27327742408	1.39300304377	1.0
0.607856220404	1.31376385336	1.0
1.73110043176	0.773742755501	1.0
0.627823954555	-0.476942511319	1.0
1.45578140963	1.57063719509	1.0
0.86590251119	-0.222325264586	1.0
1.05674143912	0.842741109962	1.0
1.14774751777	1.76495157184	1.0
1.11606649669	1.14130101865	1.0
1.48545308633	2.9076376578	1.0
-0.040794799957	0.7545787822	1.0
0.499121222319	0.7386591942	1.0
0.947781374961	0.22528001677	1.0
0.238192711737	0.325189918942	1.0
0.0867520691292	0.481289710591	1.0
1.41345767297	0.766045435417	1.0
2.40273720943	0.225784951984	1.0
0.946612270439	1.90317198318	1.0
-0.111591240207	-0.177657036811	1.0
1.08843502359	1.9574410669	1.0
0.0964438665984	0.242192593913	1.0
0.407245683843	0.318468816207	1.0
0.594569428062	1.25102896021	1.0
2.34384080273	1.94818583045	1.0
0.137551601087	1.66930929115	1.0
2.11657255066	0.770619011802	1.0
0.218874210476	1.76081895039	1.0
0.767699658203	0.297545313905	1.0
1.35474527581	0.94582464147	1.0
0.209876570831	1.33034738754	1.0
0.604956863659	1.33201363954	1.0
1.32992961399	1.66789995621	1.0
1.08238907317	1.46665185595	1.0
-0.398349714115	0.537226384391	1.0
0.456222379587	1.32263636694	1.0
1.48423852442	2.76485253537	1.0
2.05449356299	1.48183436036	1.0
2.03063680013	2.13168943586	1.0
0.583004119897	1.5040007257	1.0
1.14891438465	0.605832992867	1.0
0.34969511042	0.869290449646	1.0
0.256552599965	1.93078854478	1.0
1.59648453778	1.11013538654	1.0
1.41414817708	1.87127901402	1.0
0.274944517126	1.08236108543	1.0
1.40764674402	1.33525690111	1.0
0.99690330131	1.43137118952	1.0
0.445314896803	0.15921665628	1.0
1.12419125186	0.494733424536	1.0
1.77167064086	1.2657356172	1.0
0.769390666921	2.58496749674	1.0
0.595010944026	-0.0973462734202	1.0
0.658532305473	1.94113430057	1.0
1.10426502094	1.20352949995	1.0
0.881030116947	1.70357710717	1.0
0.58528705189	1.11095717895	1.0
1.05619536759	0.846441507633	1.0
-0.0240953037085	0.799224576872	1.0
2.29699559719	2.57397946042	1.0
1.65612176148	1.54324228718	1.0
1.77401850148	2.09827211837	1.0
0.514845680387	0.450617087439	1.0
1.13223031151	1.17662747858	1.0
1.41296964301	0.499622763409	1.0
1.16666526403	1.56553260364	1.0
1.04095455229	1.56288947763	1.0
0.0221390811982	0.61336591986	1.0
1.40054284877	1.07427323053	1.0
0.858235618363	1.33104329509	1.0
1.18469073101	0.608040962606	1.0
0.284849935018	-0.0283474434554	1.0
0.626705671752	1.18987739185	1.0
3.309859897	1.03024064192	1.0
1.0622487494	1.69599384297	1.0
0.204192510206	0.246886017999	1.0
1.17606956564	0.176594674089	1.0
1.30607521448	0.80161469808	1.0
-0.437500053695	2.54792097698	1.0
0.798716185841	1.04211488765	1.0
1.25147235813	1.32952833221	1.0
2.54590428743	1.80952264185	1.0
1.82221987307	1.97652798125	1.0
0.789069710095	1.30282418794	1.0
-0.272138751163	-0.72426238548	1.0
1.01783947842	2.07599807406	1.0
1.03856729817	0.610802356789	1.0
1.0359192255	0.422507017097	1.0
0.761378021731	1.0894425216	1.0
0.662313457108	0.248534852648	1.0
1.78659790567	1.21353012436	1.0
0.896181020885	0.389651388073	1.0
0.881366624766	2.14916917401	1.0
0.717116907704	-0.0301714527299	1.0
-0.568664374781	0.610885061658	1.0
1.54233408186	1.46083314118	1.0
2.16066510829	1.82100542631	1.0
0.879063457085	1.09021354107	1.0
1.14477228664	-0.205986387028	1.0
0.651823789611	-0.074486074839	1.0
2.02979425352	2.78447145278	1.0
3.11792658332	0.97689932167	1.0
0.286350964652	0.840067808633	1.0
0.305953668566	1.02170550063	1.0
1.28259733074	1.82764728682	1.0
0.875653334239	0.386731357967	1.0
1.25919448895	0.467573915673	1.0
1.73548305801	0.612311552934	1.0
0.549376722851	0.479679916616	1.0
1.80819874834	1.79350706097	1.0
0.774917029814	0.669180530566	1.0
0.995609750177	0.147039587626	1.0
0.43734451903	-0.910216160887	1.0
0.292096864343	1.58836781169	1.0
0.874275032218	0.325405015362	1.0
1.66636504501	1.60059201261	1.0
0.853642624336	1.31546664909	1.0
1.58737488837	2.58217572501	1.0
-0.254478701505	0.61569718408	1.0
0.991177364709	1.40357398949	1.0
1.32665197249	1.12259642761	1.0
1.8918197808	1.47478364216	1.0
0.272470471325	0.788272748191	1.0
0.965529810283	2.63143018809	1.0
1.34873006944	0.528334885202	1.0
0.337589930083	0.595756299597	1.0
1.96730332115	-0.00915509456934	1.0
1.35700129232	1.57167789829	1.0
0.959692842989	0.624570263806	1.0
1.10848397974	-0.127250598666	1.0
1.00246012371	1.22958449297	1.0
0.63440761845	1.58383198489	1.0
0.803688347167	0.856384129527	1.0
0.636387237622	1.2898848966	1.0
0.519924272501	0.502027390063	1.0
1.76646729503	1.11831488695	1.0
1.40444008296	1.9728334345	1.0
1.37694901992	0.844125308295	1.0
1.0433084204	1.48058546431	1.0
0.822218685118	-0.444778590627	1.0
0.157289182836	-0.124467693437	1.0
1.64706435543	1.60539520614	1.0
0.896407430431	1.37794573609	1.0
1.08786936567	0.862592375239	1.0
2.60840787799	2.00422083688	1.0
0.0433040995038	0.596315327451	1.0
0.917934796966	-0.43788821291	1.0
1.39131831882	1.74385450178	1.0
0.315255337325	-1.49435553851	1.0
1.68858334233	1.52964391936	1.0
1.33529550918	-0.504040943502	1.0
1.6920782246	1.93458061413	1.0
1.71046657322	1.82379769748	1.0
1.57250445726	1.58272474188	1.0
1.22261534695	2.41083049597	1.0
1.50452266256	0.615550894833	1.0
0.549994571557	0.495486199565	1.0
0.796529672405	1.10440499705	1.0
1.38484117138	-0.235221364844	1.0
1.38097701956	2.52246526437	1.0
0.819258467157	0.924874061818	1.0
-0.264250488324	0.767757804595	1.0
1.0526875153	1.79562513802	1.0
0.724310623521	0.565678852132	1.0
2.67304742673	2.26857832753	1.0
0.26719583338	0.950468736164	1.0
0.864156461002	0.568884772524	1.0
1.61666667227	1.21121541629	1.0
0.915915840375	-0.0640679163859	1.0
0.903199606504	1.22438683185	1.0
0.869132873543	1.08110542685	1.0
1.38542936824	1.62617824633	1.0
0.972933380079	2.12921989713	1.0
0.530466036184	0.794522409157	1.0
0.79757861858	0.273468208302	1.0
2.06616185518	2.31903218789	1.0
1.26975185975	-0.417142283351	1.0
1.76330817201	1.88527169254	1.0
1.23284945893	1.38151317514	1.0
0.902631720651	0.805254297341	1.0
0.257862812257	1.45018609114	1.0
0.974834706122	0.744189532268	1.0
1.31849765772	0.181906285205	1.0
1.63311302769	-0.0790460186906	1.0
1.86797748928	1.74312418801	1.0
0.166978350796	1.45739490783	1.0
1.15169547211	1.18504774879	1.0
0.640274512118	0.814534704869	1.0
-0.0521486181125	0.0630388126369	1.0
1.00534277218	0.930453298711	1.0
1.26981332487	0.999792164033	1.0
1.38659631267	0.944398420513	1.0
0.374843288713	0.175038321882	1.0
0.858153529275	1.82837362669	1.0
0.990052582412	0.25625354716	1.0
0.507781471686	0.137208251069	1.0
1.40567789141	2.7748433954	1.0
1.95383575102	0.78789183415	1.0
1.50721676815	0.364995230323	1.0
0.372666739613	1.60430495938	1.0
1.03912025744	1.23224928766	1.0
2.07111062969	2.35162241676	1.0
1.16352202166	0.963284858506	1.0
0.606927050311	0.298829602131	1.0
0.565397097396	1.08011190036	1.0
1.4763531604	2.27524230579	1.0
2.26655633979	0.838142227954	1.0
1.18375810938	0.805546445046	1.0
0.704397750868	0.694854951548	1.0
0.77917516706	0.451993604482	1.0
0.276437599922	0.0213855548988	1.0
0.393398754829	0.433814811751	1.0
1.75947740993	1.07852311725	1.0
-0.0144862778983	0.20261607756	1.0
1.11427706019	2.02529060933	1.0
0.502757851521	1.3472059883	1.0
0.536089164249	-2.23002598783	1.0
0.796910425284	0.815335952022	1.0
0.513525105238	1.22945257109	1.0
0.708034917268	1.4198256342	1.0
-0.0386699567755	0.260564432021	1.0
0.117815637205	1.24361606035	1.0
0.623657749816	0.707861854661	1.0
0.788187120052	0.0442565828692	1.0
1.71681797446	1.32327066176	1.0
2.20126889666	2.62229109254	1.0
0.700854364891	0.080037457271	1.0
0.989974428196	0.89078192179	1.0
1.05193156742	2.22869258011	1.0
1.33607873403	2.29584917433	1.0
0.936382784449	-0.460621482099	1.0
0.783376106754	0.380010151341	1.0
2.15143497608	2.83586202627	1.0
0.967767795955	1.1732355091	1.0
2.97664690843	1.8079292369	1.0
1.53596740002	1.76929759029	1.0
2.10761534533	3.08994058045	1.0
1.16616520782	0.632497996968	1.0
0.553140323361	0.86220641812	1.0
1.3808002808	0.622167111901	1.0
0.0407612556314	0.831997229473	1.0
0.793336940757	-0.47077621143	1.0
1.05218820321	1.6762946322	1.0
1.30507112215	1.84049517212	1.0
1.2312732396	0.580998025428	1.0
1.08567069258	1.46287911674	1.0
1.38681951178	0.846820836339	1.0
1.03831620641	1.78550999035	1.0
0.327863435169	-0.209980163146	1.0
1.57752724334	1.42674932634	1.0
0.132213770245	0.397847407536	1.0
1.36782619571	2.52476764901	1.0
1.26348529404	1.60540408025	1.0
0.196374470328	0.301365194265	1.0
0.0280135207578	-1.06353918237	1.0
0.667804604368	-0.0870878210696	1.0
0.220619635252	-0.0638423820377	1.0
0.707785418618	0.00496747218978	1.0
1.5653696388	2.38781072645	1.0
-0.0704520333434	0.824135221658	1.0
1.27599246996	0.24838176952	1.0
0.823814232511	1.49083135816	1.0
1.24325275442	0.578767016435	1.0
1.23131436079	1.92331673085	1.0
1.86477600808	0.607099175034	1.0
0.180462325961	0.401765343921	1.0
1.65137622293	3.41575570737	1.0
0.754808573417	1.648146914	1.0
2.09544587829	0.139441090658	1.0
0.724555985159	0.736253713039	1.0
2.12505386778	1.82099378753	1.0
1.01463145395	1.27109968407	1.0
0.934321910937	1.07209085789	1.0
0.390106884234	0.614449453501	1.0
0.822794723946	0.243549758965	1.0
1.17081782589	1.61291048855	1.0
1.32341338049	0.487564196399	1.0
0.681755554879	1.68934643128	1.0
1.31893805883	1.48251303549	1.0
0.674770498385	0.558003027704	1.0
0.683313545539	-0.147842391376	1.0
0.879306793263	1.22573044717	1.0
-0.241905468031	-0.645503995767	1.0
-0.183950029591	0.69350902436	1.0
0.62945089547	1.10955665266	1.0
-0.43964998106	-0.0687041677382	1.0
1.04378272826	0.657799070996	1.0
0.588035652675	0.503589413922	1.0
2.87299572311	1.86643768726	1.0
2.00007776793	0.418987160536	1.0
-0.334932451107	0.619069408982	1.0
-0.600347269585	-0.418272301587	1.0
1.06379498608	1.00906602456	1.0
1.81208099522	0.72824195549	1.0
1.06594389974	2.21339305451	1.0
0.00165887826139	0.059915644232	1.0
0.877837398625	1.30137005968	1.0
1.74566472857	0.219860412375	1.0
1.26199906952	0.396375573233	1.0
1.68486292711	2.0449715926	1.0
1.88592087146	1.26446147535	1.0
1.80737219472	0.890251605491	1.0
1.49005342796	0.113243374849	1.0
-0.415144857016	0.950189085855	1.0
1.21522515052	-0.376043809219	1.0
0.979692762573	0.893019416024	1.0
1.58243648025	0.741515966243	1.0
1.0136647857	0.943626860159	1.0
0.738692853496	0.276742088597	1.0
1.29370370301	0.357223590968	1.0
0.217191519897	1.1942150612	1.0
0.418478506083	-0.888237691383	1.0
1.69277182684	0.961170086235	1.0
1.71518422286	2.05278551079	1.0
1.42682968235	1.42531913839	1.0
1.03486142445	1.8585935964	1.0
1.35231607603	1.60004483717	1.0
0.65448867297	0.722906894419	1.0
1.74217025336	1.56518981009	1.0
1.96637190321	0.891572870344	1.0
1.37961711737	1.94058637011	1.0
1.48516281227	2.61305214917	1.0
1.91311843369	1.51553041882	1.0
1.0744645332	1.79363981343	1.0
0.647261574346	2.05553495959	1.0
0.890830966477	0.234235306864	1.0
1.00435373598	-0.226855004455	1.0
0.941523578376	2.99302034086	1.0
0.149078511447	2.41236462573	1.0
0.589181197929	1.66923693934	1.0
1.68024407047	1.28379184685	1.0
2.15808518472	1.49825091156	1.0
-0.527068395655	-0.331096712747	1.0
1.65724764834	1.96583656651	1.0
-0.295536621692	-0.392977606882	1.0
0.99029662274	1.31828742074	1.0
0.619731174792	0.405586410794	1.0
1.57392184245	1.77929885926	1.0
0.307475342036	1.14361686196	1.0
1.12948006822	1.25972640159	1.0
1.13078175881	0.306242252629	1.0
1.48805981181	0.486957718448	1.0
0.54447503939	1.13434710703	1.0
0.907037546945	1.48241807366	1.0
0.696464689769	1.20273759766	1.0
0.424143976007	0.905619321652	1.0
0.881120473276	0.818064303923	1.0
0.572590031168	0.698423734458	1.0
0.803287201879	-0.503611453485	1.0
1.95803537662	1.40601025199	1.0
1.37174300525	1.72738227873	1.0
1.46174231833	1.0902770182	1.0
1.72069858745	0.813204633856	1.0
1.42813113306	2.51835614326	1.0
1.19680464424	1.32306521752	1.0
0.466099445679	0.485923715558	1.0
0.657902334661	0.0541695752949	1.0
0.942671905243	0.1770224757	1.0
0.85401982744	1.03410166634	1.0
1.04758571716	1.80915690657	1.0
1.13957348893	0.726208268355	1.0
1.48059583648	-0.227181104828	1.0
1.60454789742	0.565506865936	1.0
1.45780494675	0.280661011672	1.0
0.0172398622874	0.355731705658	1.0
0.213385168553	-0.119069057882	1.0
0.106327406759	1.21548891411	1.0
1.22754578917	1.77041341219	1.0
0.816820949469	2.40803430305	1.0
0.373736032182	1.0220438449	1.0
1.06271690903	2.20923777877	1.0
1.45902079881	1.81059447291	1.0
0.95676551868	1.48057175237	1.0
0.216249182576	0.863084309648	1.0
1.1862905594	1.35288022311	1.0
0.995948810678	1.41030039547	1.0
0.85330306635	0.933781868777	1.0
1.5043112772	1.69799420335	1.0
0.203408347527	-0.97002516243	1.0
2.28308367655	1.62126113367	1.0
0.614877563442	0.656400833155	1.0
1.02514857471	-0.740392942506	1.0
1.01903053974	0.590753269443	1.0
0.92885533068	1.51149044202	1.0
0.434943715898	1.41190018234	1.0
2.26478332049	1.56842793693	1.0
0.502020012629	1.36064028333	1.0
0.976310941309	2.23242442845	1.0
1.49150182736	0.308248384862	1.0
1.09199661477	-0.177431485409	1.0
1.67281993063	-0.00160567480973	1.0
1.46216532507	-0.338531055627	1.0
1.60366243634	1.06656315331	1.0
0.792073356747	1.31762731796	1.0
0.108107469016	0.37313516219	1.0
0.571819246851	0.0182398804997	1.0
1.28724392966	0.646238953754	1.0
0.829243493927	0.75133351428	1.0
1.6330451102	1.83752723377	1.0
0.74735977949	0.860962719974	1.0
0.677874144685	1.71850524032	1.0
1.15493673694	0.826680647143	1.0
2.73052175498	1.2852843049	1.0
0.725055629899	0.0599040651781	1.0
0.938262681575	0.488737518747	1.0
-0.632678351705	0.187025487363	1.0
3.44064034298	1.87700542311	1.0
0.930990042066	0.520458625296	1.0
-0.0690988069291	-0.367659215468	1.0
1.46362666067	1.14470025205	1.0
-0.256034894098	0.284554788718	1.0
1.73113478908	1.41758000713	1.0
0.860534245383	-0.488221745151	1.0
2.08384285404	1.33406859267	1.0
1.08995703504	2.29280006879	1.0
1.36396559835	0.295279243524	1.0
0.97109605558	1.288234063	1.0
1.70054201787	1.48926060928	1.0
-0.199957196391	0.147336662098	1.0
1.71515745421	0.818815727358	1.0
1.39322682281	1.14874668174	1.0
0.785891739385	1.05490188627	1.0
1.35094140497	0.76859336321	1.0
1.61389963851	0.96818944056	1.0
0.397851320878	2.37861033253	1.0
0.944978412685	0.713997872137	1.0
0.951386941987	1.4449782243	1.0
1.20927973668	0.785310639447	1.0
0.946579865243	-0.672395451215	1.0
0.572375905233	1.21233777778	1.0
1.45546750977	1.70813931091	1.0
1.5225316509	1.27394005395	1.0
1.76750333685	0.184892067167	1.0
1.69123488321	1.58208543844	1.0
0.780723949105	1.15688220758	1.0
0.316346000688	0.875852231428	1.0
1.15107162885	0.824754774283	1.0
1.03358725134	1.00833731972	1.0
0.551048900319	0.0811981030422	1.0
0.829397086735	0.485673983628	1.0
1.40933223494	2.16392238208	1.0
0.3474257724	1.24102439947	1.0
0.544913447274	-0.702939677863	1.0
0.540936319316	0.534549080527	1.0
1.6000969355	1.1666876245	1.0
1.08610668394	0.731091017733	1.0
0.14577280229	-0.305466417	1.0
0.97702536042	0.586073217068	1.0
0.959654576238	0.969524339353	1.0
0.0586160673187	0.530575702302	1.0
1.2467576934	-0.90542768488	1.0
1.8412839549	2.61563577746	1.0
0.879204625042	0.341395637009	1.0
1.44448684893	2.3139904584	1.0
1.6909339054	1.14753033892	1.0
1.60770056483	2.13110161666	1.0
0.965393901898	-0.754915595455	1.0
0.454872934946	2.09388834161	1.0
0.798731172406	1.44131541443	1.0
2.33951492741	0.371342920483	1.0
0.886136445098	-0.635227123843	1.0
1.09308467541	1.18009603736	1.0
-0.269251323618	-0.229334583102	1.0
0.300396251051	0.99131245139	1.0
-0.0523406350184	-0.35271744451	1.0
1.48948622656	-0.101621430217	1.0
0.670241869989	2.16419082021	1.0
1.22090610117	2.18457819443	1.0
0.769729779251	1.44500855343	1.0
1.19487292043	3.03646713155	1.0
2.21192262973	2.6989577277	1.0
1.60353791873	3.15781189399	1.0
1.71016264907	1.16709751393	1.0
-0.217117516017	-0.809477884193	1.0
2.00890777306	0.820751547008	1.0
1.39638082066	1.89999234743	1.0
0.403096185201	0.760385942467	1.0
1.23743237203	1.21185412591	1.0
0.56373057792	0.423516181456	1.0
-0.206237220179	0.616675221289	1.0
1.80496755616	0.896728138226	1.0
0.454720779955	0.36826203765	1.0
1.88989698743	0.612182422937	1.0
0.60345468153	1.15927813539	1.0
1.30684653707	1.31817930264	1.0
1.4523068494	-0.115283666425	1.0
2.02132036987	2.24051671551	1.0
0.830304512902	1.63234554713	1.0
-0.177086087575	0.152483123784	1.0
0.851064680313	0.312513435324	1.0
0.260685687417	0.159490303046	1.0
0.994804523975	0.747310742054	1.0
1.02161576058	1.53878719967	1.0
1.19153538957	3.67044638545	1.0
1.07952868325	0.252954527177	1.0
1.02042128289	2.82266913931	1.0
1.54758598958	0.832254528606	1.0
-0.30661213083	0.832019864154	1.0
2.09458409407	1.5007725832	1.0
1.27664522372	2.05849787354	1.0
-0.109679661127	-0.539979039223	1.0
0.607106451954	0.839390232459	1.0
0.214618639033	1.23346465411	1.0
1.43435958725	1.13374861543	1.0
1.06754696116	0.979823825029	1.0
1.61493968322	2.94407993971	1.0
-0.465909655257	-0.869019320127	1.0
0.0143441015122	1.19933335468	1.0
0.359018552423	1.50399114421	1.0
1.23524960363	1.04828125099	1.0
1.60809255164	1.69887198946	1.0
1.08504151019	0.621107403441	1.0
0.350777897572	0.76295484448	1.0
1.61898976143	1.24382945137	1.0
-0.194452241521	0.388591376129	1.0
1.63408268901	-0.398381284731	1.0
-0.177596140032	0.883600325303	1.0
1.00838511391	1.04402960028	1.0
1.98077482304	1.3750515577	1.0
1.17240695972	1.24813461313	1.0
1.52192822462	1.67842968767	1.0
1.27069798645	0.39726242566	1.0
1.31811148294	0.484792800366	1.0
2.2145244033	1.91258612751	1.0
0.342306078933	1.18700550472	1.0
0.432672326999	1.9497561016	1.0
1.7407817616	1.07328711044	1.0
1.44431061619	1.49329383382	1.0
0.595147705027	2.26707627925	1.0
1.74545733402	1.16560147028	1.0
1.35286032903	1.09873894294	1.0
1.56676749184	0.202970532473	1.0
0.944058344814	1.07009276821	1.0
0.705227220002	0.237366859568	1.0
-0.326074560217	0.323682382048	1.0
0.727432695667	1.87313262493	1.0
0.605195501194	0.949597384093	1.0
0.523666417685	1.28503600309	1.0
1.11138384653	0.234779100086	1.0
1.42595944413	-0.361596071028	1.0
-0.42157917637	-0.362641090617	1.0
1.8029841663	2.38181466131	1.0
0.566037394478	-0.56626296339	1.0
0.467006517436	2.28150126246	1.0
0.257052061036	0.146403658889	1.0
0.126657145059	-0.296414142349	1.0
-0.094884646544	-0.157202075112	1.0
1.26795744185	1.91861467917	1.0
0.983974217848	1.20181458572	1.0
0.636804171138	1.07148143643	1.0
0.963299369074	0.490214091633	1.0
1.18599864474	2.3595666	1.0
1.0665861065	-0.599776606663	1.0
2.47591372852	0.74947264247	1.0
1.54085509582	-0.211194418504	1.0
0.737662522043	1.47641592034	1.0
1.72702465586	1.10714712567	1.0
0.272170442265	0.00199592691624	1.0
0.450918076359	0.469472246111	1.0
1.21941168214	1.19015122077	1.0
0.819502959424	0.58665396096	1.0
0.615066392205	0.878592410935	1.0
1.30411342762	1.42753025552	1.0
0.903293200497	0.91833394372	1.0
0.0460139570912	-0.943373802691	1.0
0.726722251934	0.927294779671	1.0
1.08777456998	-0.352802249216	1.0
1.11943097118	1.71089814835	1.0
1.73796847593	0.513406163248	1.0
1.07408746563	1.18985379535	1.0
1.28385290256	2.61933536004	1.0
1.49398861365	2.37292195929	1.0
1.27112339964	1.68680027526	1.0
1.38880697812	0.961036266092	1.0
0.798347075295	0.523284809464	1.0
-0.030171588209	1.25220518431	1.0
1.25045242332	1.67633555054	1.0
0.280338047787	0.737958781333	1.0
1.22095988858	0.501442669313	1.0
-0.211931399035	1.4001165515	1.0
1.22627305156	0.00117371495545	1.0
1.48245611192	1.54324154097	1.0
2.08964718704	0.340538812433	1.0
1.32485104388	0.829507354913	1.0
1.07006732497	0.750952507367	1.0
1.15757627194	1.47203188012	1.0
0.518498475157	1.00894110051	1.0
1.12675771208	0.322702927266	1.0
0.976543137909	1.16644940285	1.0
2.25926827109	2.35407208115	1.0
0.628449465996	0.493195989832	1.0
1.16776776627	1.20398583767	1.0
1.82271311733	0.659415961277	1.0
-1.48141760039	-0.631380280042	1.0
2.14772485562	1.37593416369	1.0
1.22380878214	-0.0511939191489	1.0
2.0528153249	1.44572434232	1.0
1.73710211433	1.69259256581	1.0
2.02182198359	1.32932577683	1.0
1.70653418015	0.663371120371	1.0
1.48680502715	1.05330846196	1.0
1.47590115327	0.671021635213	1.0
0.670770622558	1.07767019233	1.0
2.13635623389	1.55107174151	1.0
1.23893988985	1.60038042404	1.0
0.602190148285	1.29543424642	1.0
1.87572161069	1.29172665808	1.0
1.91746388938	1.11093603832	1.0
1.39586494824	1.15153901929	1.0
1.68953616334	1.65021813819	1.0
1.4386397722	0.759070492043	1.0
-0.416006229496	0.556126059416	1.0
0.575563901354	0.473511123527	1.0
0.797001244573	1.57608359799	1.0
-0.0815738693223	1.36558687166	1.0
0.487821476077	1.7644500903	1.0
0.366964080505	1.12374918263	1.0
1.50575091499	0.384111503586	1.0
0.687421442108	0.870918010165	1.0
0.702978251157	1.35182070937	1.0
0.627333054167	2.2305554466	1.0
0.841681123616	2.07759634009	1.0
0.567756092275	-0.0984168911042	1.0
0.61564703618	0.81298082557	1.0
0.224090154567	1.04675554695	1.0
0.8642208182	0.149447066228	1.0
0.572846836648	-0.204700947505	1.0
1.56553733469	0.0993274177828	1.0
0.575673327008	1.36217800252	1.0
-0.159528709048	-0.0123932722616	1.0
0.676640129015	0.531042921531	1.0
0.848111706145	1.06017815266	1.0
1.08658713219	0.885577823999	1.0
0.599120541859	1.16213398517	1.0
1.74727166233	0.387773977336	1.0
0.732512884201	-0.0549703911068	1.0
1.64937137819	1.27495731354	1.0
1.11917671852	2.4600347801	1.0
0.81780057344	0.891599649431	1.0
1.33845762474	0.599967594679	1.0
0.225766107006	0.140109608386	1.0
0.776033424151	-0.749980583093	1.0
0.290818333773	0.682643208856	1.0
1.0255092918	0.593769241302	1.0
0.75292623376	1.32493097711	1.0
0.514103190549	0.244290745309	1.0
1.31277768718	0.439206225046	1.0
1.25715080366	0.819861716755	1.0
-0.395952986793	-0.396083028108	1.0
0.664243074303	1.00967114108	1.0
0.459502966145	2.05799897341	1.0
0.17465051621	0.708369965949	1.0
1.27596451571	0.296980667718	1.0
0.246817424308	1.05012289099	1.0
1.03765661285	0.501113595299	1.0
0.0366420004766	0.991744628169	1.0
0.598820724766	2.23232152189	1.0
0.634265026845	0.54729307182	1.0
1.14149503488	0.0496363703083	1.0
1.24221320614	0.70805277809	1.0
0.286014620586	0.0420520680865	1.0
0.31895047263	0.771805451979	1.0
1.1977777945	0.973149699128	1.0
0.830877307975	0.876733026882	1.0
2.41159087396	2.02591250473	1.0
1.73127206276	2.30677166445	1.0
1.51474581378	0.756705622361	1.0
1.00204070562	2.01285670085	1.0
0.668159924908	0.999830880775	1.0
-0.389094365282	0.937926895972	1.0
1.40559337663	2.2070559376	1.0
-0.361885552683	-0.191792091704	1.0
1.70563094305	1.52554494606	1.0
1.20055785575	1.56908083035	1.0
-0.156978604111	-0.826305103378	1.0
1.37397351733	-0.176014454272	1.0
1.5720989572	-0.040309289086	1.0
0.798632378933	0.731123766666	1.0
1.07040802034	1.36311298968	1.0
1.20210244842	0.694246515161	1.0
1.58191667649	0.744126299801	1.0
1.25634071012	0.767170893402	1.0
1.65316030493	2.07746293451	1.0
1.08831494689	0.752287465123	1.0
2.28694598127	1.22375186199	1.0
-0.196628746864	-0.560632242704	1.0
1.46407637504	2.03397271587	1.0
0.9582710768	1.33322795089	1.0
2.64288291492	1.05682960445	1.0
0.321591797779	1.07390993153	1.0
1.18830933595	1.91183105985	1.0
0.364773285477	0.276400858219	1.0
1.04526632672	1.59208978438	1.0
1.23390925878	1.08105065053	1.0
2.41696659022	1.97441489666	1.0
0.554624238428	1.71472528717	1.0
1.13603105412	0.461899136877	1.0
0.430984891545	0.483810600995	1.0
0.754555401101	0.727039529803	1.0
0.592661215653	2.35600405871	1.0
0.574057121528	0.891946728997	1.0
1.58366155367	0.913457708364	1.0
1.35495831317	1.57577034479	1.0
1.19105844839	0.572745842328	1.0
0.459343934543	1.24374283095	1.0
0.519553235384	1.57864477422	1.0
0.789038483273	0.979951038359	1.0
1.03282692125	0.660931971731	1.0
0.478701299791	2.6075432881	1.0
1.30276006718	0.331949109397	1.0
0.0142599859995	1.14935619187	1.0
0.103155760949	1.11969042716	1.0
0.597595323653	0.855244164675	1.0
2.17755019566	1.75212023287	1.0
0.969064447812	1.26054399345	1.0
1.22923574424	1.59538829686	1.0
1.64165822431	1.26833568685	1.0
0.491086631256	0.686201884068	1.0
1.75843895253	1.58156377712	1.0
1.47297406265	1.08492298001	1.0
1.74239565991	1.93598369699	1.0
2.61007085188	2.77915582871	1.0
1.78269195248	1.65527069255	1.0
0.195391595491	-0.0580768805461	1.0
0.44307877659	0.422590316732	1.0
1.79148395231	0.529205574245	1.0
0.169403120371	0.641884080452	1.0
2.55819516745	1.92652103328	1.0
-0.400607640928	1.97390932376	1.0
0.92713245754	0.192531193914	1.0
0.797454290542	1.79428721506	1.0
1.05573916777	0.618541287363	1.0
1.51500857943	1.47650622337	1.0
0.269579274393	-0.359630044292	1.0
0.768739270507	1.12388084693	1.0
0.773445091706	1.44251022568	1.0
0.694479258884	2.30388130015	1.0
1.40302964037	1.8816397444	1.0
-0.51512582045	0.659101631491	1.0
0.823147410637	2.00876038989	1.0
-0.226726180653	1.3372552802	1.0
0.893944513266	2.11043654818	1.0
0.57354927871	1.50005735087	1.0
0.870116900132	1.55346749502	1.0
0.464254025103	1.05960207247	1.0
1.14602887438	1.01074580265	1.0
1.60508270109	-0.0309374610028	1.0
0.837150831216	2.01261060788	1.0
0.186806201014	-0.375374365925	1.0
0.516889121705	1.28409629379	1.0
1.22972131661	1.86173452067	1.0
1.7676701822	0.705166999955	1.0
1.53551320637	0.859518476163	1.0
1.34087026721	1.38192987696	1.0
0.850999876174	1.73384684309	1.0
0.179758231681	0.862389592841	1.0
1.20679093981	0.268131497219	1.0
-0.25720828067	0.714707497403	1.0
0.213336971745	2.33447780912	1.0
1.3904910928	1.13234357159	1.0
1.25043083732	-0.0469402659427	1.0
1.46017744183	2.31203372376	1.0
-0.21924076292	0.298552245881	1.0
0.785872687575	1.19127905108	1.0
0.679631160792	-0.298832459703	1.0
1.28310239058	0.989740312501	1.0
1.51348519157	1.40394192459	1.0
0.380880349964	0.490430079602	1.0
1.03838212754	-0.228286676552	1.0
0.323786252852	1.17718191973	1.0
1.18712460469	0.228150677859	1.0
1.87389313617	1.81389752109	1.0
0.198453984611	0.125034187964	1.0
0.661440209391	1.69367890727	1.0
0.869375692052	1.59379737981	1.0
1.08206105865	1.38254366112	1.0
0.431812023763	1.96422754201	1.0
0.502256037949	0.0514321608399	1.0
2.02897076484	1.23995213085	1.0
1.80618619029	0.928661986038	1.0
-0.0276532272204	0.426317784409	1.0
1.77204481614	1.64049200572	1.0
1.50910444719	1.15399073553	1.0
0.536998726665	0.721392675126	1.0
0.993126213181	1.20497374832	1.0
1.54364637635	0.750292556639	1.0
0.0522919225465	1.10272065797	1.0
1.34231588501	0.754572035103	1.0
1.77875723973	0.312716253414	1.0
-0.0873089242431	0.309531304801	1.0
1.87533835081	1.61722760499	1.0
0.20190511652	0.550899974812	1.0
0.599627874541	-0.0479823861978	1.0
1.31532304909	0.00915356188643	1.0
0.148482508175	2.07800284052	1.0
0.782971266421	1.5848878519	1.0
1.83520545684	1.55505721906	1.0
1.45641659811	1.80391393052	1.0
0.390366847623	0.800673018003	1.0
0.739717163198	0.251227191026	1.0
-0.293018917409	0.333565863567	1.0
0.0679909138389	0.465976318622	1.0
1.72687604627	2.66748334377	1.0
0.990444493082	1.54546057041	1.0
1.56332389448	1.21860641719	1.0
1.5717679359	2.1207193135	1.0
0.537003181776	0.597776884484	1.0
-0.00259098599094	1.53231069575	1.0
0.642086335761	0.241989150055	1.0
0.352872932295	-0.0477318205329	1.0
1.30639792465	1.00430575393	1.0
0.982202968556	0.536854812302	1.0
1.39766883012	0.56752481036	1.0
2.77393813248	1.49801978589	1.0
1.03735794756	0.675570611657	1.0
0.892127313474	2.08907514393	1.0
0.843160797186	-0.298393002288	1.0
1.25598784807	1.94156856793	1.0
0.174258984589	-0.440121446963	1.0
2.89736187197	1.76637803663	1.0
0.930751753339	0.778276541589	1.0
0.663883939106	0.884674218745	1.0
1.45695252381	2.37771739882	1.0
2.41734396295	1.3121746986	1.0
2.6427551624	1.7603797561	1.0
0.885180164358	1.60352402266	1.0
1.23794596542	0.388075869869	1.0
1.73194598522	-0.247254342536	1.0
0.906304818353	0.296975618866	1.0
1.14750417777	0.796665356076	1.0
0.946197804112	0.329191524541	1.0
0.566716716744	-1.79862114232	1.0
0.64505518829	2.32833230807	1.0
1.98949781528	1.24991012826	1.0
2.26109303342	3.12291848691	1.0
1.12246605833	1.87959721256	1.0
0.965626996091	1.089328194	1.0
1.80118983596	2.46457764427	1.0
0.7689747716	1.91510395543	1.0
1.50696864904	2.35984480021	1.0
0.113740044606	0.38205781815	1.0
0.47870965056	0.971444950911	1.0
0.950245047764	0.451669599176	1.0
1.12426879668	2.30351514492	1.0
1.51774565032	1.11989509481	1.0
0.460275069415	0.637979685601	1.0
1.38056301651	2.50369739607	1.0
2.0262977339	0.887001678614	1.0
1.37455590472	2.05513527618	1.0
2.14507321844	0.74108463882	1.0
0.668062317741	0.757584477018	1.0
-0.0364238846289	-0.458818248657	1.0
0.85930189765	1.11873387572	1.0
1.44992158715	1.06480362956	1.0
2.13639454018	2.25006832395	1.0
1.12961217494	1.75564763721	1.0
0.784246466119	1.28139174352	1.0
1.71614141586	-0.356261914577	1.0
0.515332031605	2.00831634448	1.0
1.54992886845	3.27409341289	1.0
2.39450440744	1.87631712055	1.0
0.697674226322	-0.887684389408	1.0
0.731640416645	0.754101244439	1.0
1.88396663379	1.35678129722	1.0
0.530851661745	1.0141108869	1.0
1.51288717326	0.233258603313	1.0
1.05132708817	1.88924612701	1.0
0.925469637426	-0.383950166979	1.0
1.4446097916	1.45570356995	1.0
0.0428782962773	1.57088628186	1.0
1.51997668295	1.01845807057	1.0
1.62481727833	0.35727838841	1.0
2.64568064914	0.938396618489	1.0
0.300231454884	0.618297679825	1.0
1.34297972532	0.949998462273	1.0
1.14627488103	1.06895501711	1.0
1.1949124352	1.53440588769	1.0
1.83107317964	2.58454182186	1.0
1.49399310615	1.55041814148	1.0
0.558044912556	0.93426534321	1.0
0.898764260123	0.185530584803	1.0
1.42538758217	1.82148223066	1.0
1.55968914921	1.71865039041	1.0
1.44505053433	1.41614404104	1.0
1.77969858652	1.09905093542	1.0
1.08867014198	0.462674721677	1.0
1.15494991245	0.628253838819	1.0
0.557872079584	1.70400177616	1.0
1.10776016513	0.834476634567	1.0
1.42011528376	1.10685715447	1.0
-0.0915809135877	0.641159942972	1.0
1.32559100373	0.460880664425	1.0
-0.13892565024	0.703317117867	1.0
1.03393096861	0.727921072936	1.0
0.974355406349	0.0741153021461	1.0
2.12194488605	1.82209348745	1.0
1.40284182374	2.43153220503	1.0
0.14753100811	0.254252211963	1.0
2.64032363486	2.11557308543	1.0
1.35553542273	1.27549266498	1.0
1.12218317413	-0.247129625326	1.0
0.398982563982	1.42872565048	1.0
0.647219730877	0.270812835799	1.0
1.15631349539	1.51985263722	1.0
1.35045658869	0.500556394705	1.0
1.85914695588	1.60880255332	1.0
0.921744918409	1.8046724851	1.0
0.0976575026845	0.823508428379	1.0
0.895106266259	1.58616470244	1.0
0.293589926771	0.331498417653	1.0
0.257050670395	0.259948609274	1.0
0.820604318898	1.06922424238	1.0
0.919443252836	1.92802015371	1.0
0.562592722574	1.2389875141	1.0
1.10354373164	0.820637425019	1.0
-0.0879009975931	0.098659745756	1.0
1.34198234086	1.09840906064	1.0
0.4810458606	0.992786462287	1.0
1.42850140738	1.39411286288	1.0
1.26562946494	1.76516337633	1.0
0.893301342315	0.730491614899	1.0
1.13400453021	-0.108629482426	1.0
-0.287068822115	0.0549366406665	1.0
-0.542041909843	1.46265597289	1.0
3.08632092632	2.10563649446	1.0
1.80302852664	-0.192408554472	1.0
3.0221294273	1.37082397785	1.0
1.50195529643	1.75720386824	1.0
-0.200838785908	0.300142788673	1.0
1.85743119246	1.45577499622	1.0
1.3632887903	2.13910184023	1.0
0.707334152051	2.7174243885	1.0
0.668452469557	1.36856007537	1.0
0.158077631276	0.406475229885	1.0
1.40790469139	1.39814834671	1.0
1.18110205367	2.11208958553	1.0
0.977155163373	1.02285291173	1.0
0.299177535037	0.792366704293	1.0
1.90526726149	2.4215413101	1.0
1.61985874447	0.202667485597	1.0
-0.122718608446	-0.0356813708434	1.0
0.0339353473373	0.960725011962	1.0
-0.259434083523	0.933346370772	1.0
1.2928929712	0.926419105531	1.0
2.1591069236	2.02946097927	1.0
1.33991137356	0.746819459453	1.0
0.827991488366	1.91564116838	1.0
0.525243076551	2.04453578905	1.0
0.847681060188	1.78040686049	1.0
1.11681639464	-0.077774382449	1.0
0.332696312582	-0.228784948014	1.0
1.09999698528	0.769498688572	1.0
0.6326676255	2.110066704	1.0
1.67754405654	1.71199879954	1.0
1.19579759621	2.20326880715	1.0
1.99310232506	0.984249162041	1.0
1.03462136051	0.741064311952	1.0
0.894907398192	0.377208360181	1.0
0.469329037053	1.09513266569	1.0
1.6994366161	1.76402508386	1.0
0.120815663256	0.507910479774	1.0
1.28135362619	0.55090457145	1.0
1.7611126279	1.49021717463	1.0
1.28587719313	2.90590147087	1.0
1.87788862439	1.01187829082	1.0
1.89901026043	0.160589747357	1.0
-0.133829968511	-0.353067911526	1.0
0.758931299582	-0.539611429512	1.0
1.52278816949	1.55143630734	1.0
0.26313733072	0.945936925777	1.0
0.876154024695	0.231595278045	1.0
0.700325135031	1.58651692228	1.0
1.80093803469	2.28342158066	1.0
1.38674364486	1.56655181903	1.0
0.78025237181	0.0891649176228	1.0
0.894249195723	1.44227409603	1.0
1.48810147337	1.84148231661	1.0
0.863517049875	1.02699782861	1.0
1.6473779587	1.21763013401	1.0
2.06442280309	1.69492650702	1.0
