-0.476457849073	0.502947317875	0.0
0.407602893822	0.695023737638	0.0
-0.0143306503328	0.815852531567	0.0
-0.243256757739	0.387378252337	0.0
0.0954851074481	1.44953392834	0.0
-0.336354541609	1.05970980415	0.0
0.433513005307	1.16121965829	0.0
0.470747978422	1.46728539174	0.0
0.1842382981	1.25646423447	0.0
-0.0245252043057	1.48393834668	0.0
-0.479204484626	1.09352518792	0.0
-0.223162428502	1.09678336104	0.0
-0.0919002160526	0.442048277869	0.0
0.00041389339259	1.3377945253	0.0
0.388878257081	0.830507722081	0.0
0.234709239341	1.08965911297	0.0
-0.533159129171	-0.19733604544	0.0
-0.126725034927	1.32399901244	0.0
-0.225580181602	0.614171430919	0.0
-0.0920641964535	1.0736302542	0.0
-0.219417913735	0.892794416876	0.0
0.328712483459	0.750598430786	0.0
-0.995937182274	0.210376120876	0.0
-0.299134384251	0.438639733075	0.0
0.273647209575	1.66196357349	0.0
-0.0318042211745	0.458392481048	0.0
-0.327437674799	0.825865185792	0.0
-0.369690878066	0.620444020974	0.0
-0.406647707545	0.79279673722	0.0
-0.0503916811437	0.704380902473	0.0
0.550972658079	1.0659264707	0.0
-0.503299873164	1.28831948045	0.0
0.486116437308	1.53747795798	0.0
-0.417268591636	0.599047265905	0.0
-0.378143765652	1.11084520933	0.0
-0.142857681793	0.894944115619	0.0
0.0604570826294	1.1475514842	0.0
-0.534999817714	0.508725686081	0.0
-0.440596008471	0.479849537386	0.0
0.588088004626	1.1403824806	0.0
-0.0904448047391	1.06855643973	0.0
0.268990860537	1.40987469946	0.0
-0.272578010437	0.698891493515	0.0
0.0555065238754	1.35675954975	0.0
-0.141982609715	1.07793125771	0.0
-0.152189143013	0.800263944918	0.0
0.00177275795822	0.60145097329	0.0
-0.411358967047	0.795693454578	0.0
0.729120743386	1.49096216989	0.0
-0.405263718629	0.96867310588	0.0
-0.0804042457877	1.22491646086	0.0
-0.087052695995	0.753200265118	0.0
0.358106757565	1.58731862673	0.0
0.22439046709	0.827589172652	0.0
-0.286673060675	0.336616565132	0.0
0.166766770846	0.47695227755	0.0
0.417469879484	0.83500812957	0.0
-0.0983758489769	0.925026992262	0.0
-0.204216986003	1.06192317175	0.0
0.150478721366	0.548925370755	0.0
0.214362605805	1.22396219955	0.0
-0.640675722438	1.33091198109	0.0
-0.00988059006656	0.373802965815	0.0
0.203317870685	1.56167968336	0.0
-0.305024792478	0.911119320647	0.0
-0.0751512327938	0.569794176215	0.0
-0.256294825319	1.32782719296	0.0
-0.277705316745	1.26245824382	0.0
0.349514364976	1.52323291855	0.0
0.117992400324	1.07314849446	0.0
-0.289006957858	0.232172248294	0.0
-0.0878672838586	0.705225368457	0.0
-0.43800339032	1.35257686493	0.0
0.019264891237	0.871360467148	0.0
-0.480830718477	0.846004078924	0.0
0.668486355979	1.26494566503	0.0
-0.193384707458	0.625527735413	0.0
-0.359909356542	1.16956644188	0.0
0.377077007118	0.970244371868	0.0
0.40169964604	1.07637514317	0.0
-0.185555127521	0.541623314453	0.0
-0.21672524756	1.4223625267	0.0
0.283826620104	0.928382340071	0.0
-0.167306028881	0.908263304963	0.0
0.0595284710716	0.985130450276	0.0
0.139284525895	1.17921457827	0.0
-0.161826079505	0.762011760999	0.0
0.167328800617	1.28454779863	0.0
0.273932048037	1.72432420457	0.0
-0.547773804115	1.52175189499	0.0
0.324043420908	0.773239635913	0.0
0.242380849004	1.49249186737	0.0
0.299237926317	0.93693682024	0.0
-0.0167261079108	1.01268884055	0.0
-0.0515235825904	1.35304707346	0.0
-0.535655414495	1.13329825239	0.0
0.457594028473	0.880462001759	0.0
-0.462640570083	1.22323322094	0.0
0.404205524553	1.90786081582	0.0
-0.00903721055122	1.16418819911	0.0
0.281712750973	1.57776368855	0.0
0.287820321276	1.09237831015	0.0
0.000138756577496	0.77668610744	0.0
-0.168449152735	0.774659741109	0.0
-0.330419731359	0.419397855523	0.0
0.621522198787	2.059753939	0.0
-0.0966121655029	1.12802609464	0.0
0.379346169818	1.74471271487	0.0
0.372444542751	1.0661606493	0.0
-0.21799037294	0.737250880648	0.0
-0.0732022942745	1.10045040956	0.0
-0.0454048082454	0.899385223825	0.0
-0.0686974308319	1.05932429768	0.0
-0.572146520993	0.868499740563	0.0
0.227814111572	0.761680475992	0.0
0.202936133876	1.2190161875	0.0
0.167710944672	1.71490727032	0.0
-0.0801200493976	0.498573635397	0.0
-0.160599034758	1.11286652213	0.0
0.0943080489891	0.681813629735	0.0
-0.319394469752	0.858084902306	0.0
-0.17405600589	0.932020221044	0.0
-0.248062077094	0.968640153084	0.0
0.0117833184174	1.47827437136	0.0
-0.545966696147	0.487139834895	0.0
0.108842871844	1.20246283004	0.0
-0.416065316153	1.05184155758	0.0
-0.132940999986	0.701463809113	0.0
-0.129007892727	0.793342256897	0.0
0.206963012413	0.809924762646	0.0
0.121309717672	0.889094276566	0.0
-0.101329295958	0.859601886498	0.0
0.211314857483	1.17641619388	0.0
0.122959134517	0.848719487473	0.0
-0.19257198393	0.410567790244	0.0
0.147907490678	0.903524400358	0.0
-0.0654957936177	0.936838585254	0.0
-0.0275348557214	1.40705108139	0.0
-0.539011830455	0.798424680404	0.0
0.134534366781	1.01083554632	0.0
0.543818082411	0.963206632291	0.0
-0.301418825207	0.759109488879	0.0
0.1334821056	0.961312643603	0.0
0.217073898984	1.08308893174	0.0
0.0722392517606	1.3591575983	0.0
-0.278883294061	0.427247742589	0.0
-0.260730353811	1.03701201308	0.0
-0.272911509574	0.757270935623	0.0
0.376606902406	1.35977384922	0.0
0.243220870419	1.06045757591	0.0
-0.00343072030281	0.910164783044	0.0
-0.14609557527	0.441410448743	0.0
-0.21562243319	0.872845240369	0.0
0.00120438932494	1.34833510624	0.0
0.395822697747	1.45687049355	0.0
0.00119746012022	1.20501055255	0.0
0.183400424695	0.329282864683	0.0
-0.10767437017	1.43330834731	0.0
-0.0279090894866	1.13336642234	0.0
0.154686678221	0.327238426316	0.0
-0.0208849073672	0.667547168245	0.0
0.0794899865589	1.18723737083	0.0
-0.23451460426	0.812385366253	0.0
0.136752963397	1.37393663811	0.0
-0.398498665529	0.598176573133	0.0
-0.213898516044	1.09575035993	0.0
0.604261775676	1.13492542652	0.0
0.589393280484	1.19464135535	0.0
-0.382138044493	0.447015774453	0.0
-0.123676596114	0.674292231223	0.0
-0.115273234252	0.733471507344	0.0
-0.38857406344	0.280231728117	0.0
0.0894521592198	0.902128456617	0.0
-0.175459383543	0.557648301452	0.0
-0.0941509811685	0.0882170640683	0.0
0.0433075495032	1.02754306942	0.0
0.0860774900619	1.51785009127	0.0
0.0857336059913	1.00419799875	0.0
-0.00324589142514	1.17050336425	0.0
-0.0350384340599	1.0094795925	0.0
0.260732637062	1.43569929358	0.0
0.0598900055269	1.23279508414	0.0
0.766006099097	1.85107262077	0.0
0.265847778937	1.30272074972	0.0
-0.192724206111	0.909711398637	0.0
0.206352627828	1.44157435945	0.0
-0.0655705728653	0.995929400051	0.0
0.227514949977	1.20570093917	0.0
-0.154095354913	0.821438823538	0.0
-0.308402255333	1.01752327286	0.0
0.0665570893459	0.957703958096	0.0
0.177701099823	1.2749127917	0.0
-0.0194311908087	1.21976684391	0.0
0.0719969737317	1.62634550768	0.0
-0.101284589404	0.672958397309	0.0
0.134416920023	1.01030749433	0.0
-0.174051247537	1.51389144108	0.0
0.470519599941	1.55378620019	0.0
-0.000469681533523	0.566485106379	0.0
0.15066113408	0.839361608965	0.0
0.217197132425	0.652349994933	0.0
0.157200807635	1.29476289205	0.0
0.522141462933	0.622118165885	0.0
0.118338906614	1.6321404522	0.0
0.344191487935	0.946052920249	0.0
0.166538590282	1.19001635141	0.0
0.328421484211	0.703112924305	0.0
0.16873950086	0.892536968147	0.0
0.0870679385969	1.02868980852	0.0
-0.245869697142	1.10504972866	0.0
-0.134136150387	1.03441174944	0.0
-0.261507289634	1.12147153191	0.0
-0.325215913909	0.560211621366	0.0
-0.351102586791	0.614417266076	0.0
-0.19997178346	0.630766606666	0.0
0.275518071487	0.890799453818	0.0
0.537457118092	1.14472260052	0.0
-0.165688109594	0.567397964507	0.0
0.385527071809	1.2587020619	0.0
0.353455758288	1.78093913905	0.0
0.420239349495	1.47979661702	0.0
-0.186074750647	1.04958504901	0.0
0.017775628347	0.353739395131	0.0
-0.62956041427	0.598921645164	0.0
0.201274779889	1.32550482263	0.0
0.0398761901051	0.623010791819	0.0
0.640448675114	1.60715713171	0.0
0.317667016093	1.11397320494	0.0
-0.563175353311	0.0135810054191	0.0
0.242603891553	0.88134402977	0.0
0.0426278013732	0.548920236895	0.0
-0.121017780598	1.03125730483	0.0
0.242896571256	1.03978163227	0.0
-0.747896024083	0.397504542862	0.0
0.0623832123146	1.17746082743	0.0
-0.274340023569	0.396728180055	0.0
-0.106470995754	1.08261779548	0.0
-0.152144020343	0.254938347348	0.0
-0.824944769088	1.0094675978	0.0
0.0853292279382	0.849695606643	0.0
0.37241278713	1.5074282679	0.0
0.280538961293	1.56113557794	0.0
-0.476461667851	0.846920589762	0.0
-0.255889718778	0.903786812798	0.0
-0.268256281013	0.985363933025	0.0
-0.372603997575	1.15586459694	0.0
-0.73325159537	0.462899906636	0.0
-0.0890157937005	0.774114174995	0.0
0.167513320659	1.64683193193	0.0
0.0493310968614	0.706630608298	0.0
-0.191911954009	1.57475906769	0.0
0.564712082278	1.75110431728	0.0
0.114370099219	0.945985503343	0.0
0.105887295957	1.12113569445	0.0
-0.0144830887508	0.79020985863	0.0
0.204428924453	0.774604625271	0.0
-0.0306626946932	1.34255524617	0.0
0.156415598404	0.947318887511	0.0
0.00258497640615	1.12882059847	0.0
0.428887864708	1.15670817251	0.0
-0.00507089594047	0.412719202897	0.0
0.0293535366129	1.28686831073	0.0
-0.201159005339	0.551135779232	0.0
0.00518963292853	0.540255266459	0.0
0.177653890193	1.46135088181	0.0
0.132559186563	0.867141456665	0.0
-0.0476937184626	1.3317799865	0.0
-0.0571964132913	0.716494955253	0.0
-0.218188569157	0.597332621288	0.0
-0.336918624789	0.289698172315	0.0
-0.300538530093	1.22470458848	0.0
-0.0717090341058	0.636567742474	0.0
-0.0538518242458	0.480295010909	0.0
0.131586766365	1.46113872591	0.0
-0.105973379031	1.19909185361	0.0
0.226030299533	1.11695310957	0.0
0.144043548193	1.37514999862	0.0
-0.388241094074	0.174943054561	0.0
0.16621651651	1.51110147824	0.0
-0.46828557509	0.70664006288	0.0
-0.020834251934	1.06552484249	0.0
-0.32217660022	0.955247162374	0.0
0.509019650944	1.17324668979	0.0
-0.306435993262	0.65945946415	0.0
0.644504002046	1.46396447301	0.0
-0.265305699621	0.895729491545	0.0
0.64033992044	1.33817782606	0.0
0.428434080653	1.35034235515	0.0
0.267107291113	1.11554699388	0.0
-0.00484100058937	0.721531841616	0.0
-0.188629075397	0.873748513288	0.0
0.205499265564	0.989614648819	0.0
0.174036147726	0.605035726727	0.0
-0.186947760698	0.466592730782	0.0
0.0734778649021	1.61673565088	0.0
-0.178143971862	1.06866539351	0.0
-0.0151169799658	0.913963261987	0.0
0.368014163434	0.783567741144	0.0
-0.0563198067627	0.881350603158	0.0
0.181668339744	0.971512270519	0.0
0.302500696777	1.34429534232	0.0
0.025329145752	0.858870664314	0.0
0.276995199811	1.6140997085	0.0
-0.373023730933	0.251316096931	0.0
0.0581066707515	0.673233294697	0.0
-0.215903633323	0.651159500276	0.0
0.390400838743	1.23504309144	0.0
-0.61357205323	0.863306151446	0.0
-0.107582994769	0.541600658572	0.0
0.0297342914522	1.74874858581	0.0
0.317260508115	1.01132982049	0.0
0.261987907114	1.1502027709	0.0
0.107062806133	1.24975250608	0.0
0.122345592813	1.1694348777	0.0
-0.256809614555	0.939562138793	0.0
0.0910960620989	1.35816946742	0.0
-0.119705820064	0.473287620851	0.0
0.177517476049	0.936207142439	0.0
-0.522713154782	0.678345900611	0.0
-0.500357907631	0.991903917177	0.0
0.164526463193	1.36221378076	0.0
0.224151204444	1.53406173871	0.0
-0.109288694342	0.826635816191	0.0
-0.137233438249	1.23222044074	0.0
0.0756291329957	1.37912196997	0.0
-0.12112835334	0.408556393607	0.0
0.184828220755	1.15951251713	0.0
-0.394227499836	0.95084998651	0.0
-0.368641351054	0.910985826533	0.0
0.178942264558	1.45061777583	0.0
-0.128749983807	0.902314208315	0.0
-0.29556725312	0.386342940431	0.0
0.361784922877	1.21768452153	0.0
0.0613125620612	0.85442975045	0.0
-0.29734689113	1.23383846467	0.0
-0.0252160405305	0.886915650167	0.0
-0.451585537924	1.11190852859	0.0
-0.105774334811	1.00986179349	0.0
-0.324716546271	1.15711431785	0.0
0.155347951897	1.08962685952	0.0
0.688101610793	1.07739212938	0.0
-0.424487993052	0.220377493283	0.0
0.11778070283	1.15046629201	0.0
-0.00601328001793	0.77462433914	0.0
0.0842132040456	0.822577746549	0.0
0.00949974162538	0.7411779771	0.0
-0.329465118227	0.784755081771	0.0
0.382365004425	1.38349191838	0.0
0.415497244354	0.943787290078	0.0
-0.311487898383	1.27389092322	0.0
0.586890193296	0.82291192129	0.0
0.00381823612962	1.3164959453	0.0
-0.0430396823873	0.885099545244	0.0
-0.233626026951	1.1243015132	0.0
0.19148029687	1.26070196345	0.0
0.195664015475	0.85709346372	0.0
-0.170632019294	0.81065149952	0.0
-0.0947808909231	0.917416583432	0.0
0.123250019083	1.51769327227	0.0
-0.27442403181	-0.0435387783512	0.0
0.498446507287	0.706392146505	0.0
1.05072333636	1.2132729935	0.0
-0.168502777461	1.09670374622	0.0
0.313972282727	0.357712882038	0.0
-0.151123187992	0.794975862316	0.0
0.0177278410042	0.922122996151	0.0
0.185044923631	1.45230092737	0.0
0.104232177311	0.941450473656	0.0
-0.118328704909	0.767292921573	0.0
-0.126707927706	0.430203147262	0.0
-0.109728294236	0.84807342724	0.0
-0.318769164422	0.628122226635	0.0
0.434639019378	1.16520302553	0.0
-0.124307071233	0.881073496574	0.0
-0.340084479033	0.850149815559	0.0
-0.27027894529	1.11101673195	0.0
0.754273598815	1.67928580319	0.0
0.00271818683228	0.743358791708	0.0
-0.729767741749	0.685788253764	0.0
-0.380958547613	0.316437014106	0.0
0.186094536745	1.35389804806	0.0
-0.324912339868	0.2796340906	0.0
-0.501291072865	0.954227860805	0.0
0.0891612181929	0.981156062449	0.0
-0.00010527507002	1.53313143574	0.0
-0.311343953515	0.34189154396	0.0
0.461687146393	1.17375489758	0.0
-0.0670751895501	1.2652817342	0.0
-0.190476493336	0.562752098774	0.0
0.387361414779	0.442791349124	0.0
0.154513528613	1.29439656118	0.0
0.144385385795	1.32743696671	0.0
-0.210718009979	0.581647964398	0.0
-0.0381468833509	1.09832649009	0.0
-0.170885150872	0.78072623941	0.0
-0.626188766179	0.673553692457	0.0
0.310042600198	1.39666333212	0.0
0.100190651696	0.954508197411	0.0
0.15541277338	1.50521681458	0.0
-0.283239331324	0.494282081196	0.0
0.0401359828156	1.2860864745	0.0
0.185994510974	0.803860914486	0.0
-0.157431450251	0.644867681408	0.0
-0.0551198245193	0.950971389024	0.0
-0.728909864982	0.477381247127	0.0
0.257291901137	0.876541073256	0.0
-0.396410698764	0.629341436972	0.0
-0.00367215493655	0.847537032713	0.0
-0.182910153239	0.480058181233	0.0
-0.314302145794	0.911303866795	0.0
0.314095487335	1.09184199423	0.0
-0.421133852944	0.844292997474	0.0
0.079436092286	1.34647801062	0.0
-0.0566097698413	1.1026380716	0.0
0.360931966217	1.38206693878	0.0
-0.00852180127571	1.33450451475	0.0
0.235129749625	1.45232065882	0.0
0.108221221759	0.789966863167	0.0
-0.130586704891	0.933214956416	0.0
0.0558758254511	0.465656622446	0.0
-0.683281722702	0.750091971488	0.0
0.429288778242	1.50277839125	0.0
-0.073595562574	0.896904158026	0.0
0.396039246497	1.24192847149	0.0
-0.657859648485	0.560305072904	0.0
-0.652541771595	0.552511224348	0.0
0.234243157633	0.831415981323	0.0
-0.0398614045456	0.739427273391	0.0
0.207579267669	1.11712990758	0.0
0.429057083803	0.96485641567	0.0
0.925808541361	2.42441745277	0.0
0.0661795754844	1.18931772146	0.0
-0.0428724655796	0.683951552341	0.0
-0.574585575266	0.630986602933	0.0
-0.0488676621756	1.04715097844	0.0
0.132066520293	0.777231532955	0.0
0.262007002177	1.34819501417	0.0
0.147730193989	0.636012202767	0.0
-0.291471339512	0.949801469848	0.0
0.200456206143	1.06408723072	0.0
0.212295909667	1.36768840517	0.0
-0.347152289705	1.28402340013	0.0
-0.289765109132	0.428628739832	0.0
-0.110785822439	1.21539215748	0.0
0.1527631727	1.35804179081	0.0
0.0548302856865	1.00352099666	0.0
-0.0487965179764	1.28345188754	0.0
0.199280607781	1.65344607346	0.0
0.37641476998	1.55011249849	0.0
-0.366940940566	0.782630546146	0.0
0.307943349651	1.07034766104	0.0
0.398067903358	1.08176859443	0.0
0.0304746211119	0.949894691967	0.0
0.258633758581	1.30474903638	0.0
-0.368926469106	1.17846217561	0.0
0.662490690206	1.22627666395	0.0
-0.177186269138	1.18576657867	0.0
-0.770683138027	0.220721563817	0.0
0.136316772167	1.16832188917	0.0
0.271623422954	1.50570965311	0.0
-0.039825404243	1.40847490462	0.0
0.254998961294	1.47985470285	0.0
0.542916616181	1.4064916056	0.0
-0.0072798546649	1.50619814378	0.0
0.164916964322	1.20462171654	0.0
0.0658452147581	1.11082588811	0.0
-0.488225582924	0.655756886451	0.0
0.0117278963114	0.973583317784	0.0
0.177931470876	1.38128860923	0.0
0.425880855667	1.42382169095	0.0
0.0271972524968	0.605590675403	0.0
0.221859488481	1.26739781883	0.0
-0.228664110315	0.456861936465	0.0
-0.444457174756	0.858624967119	0.0
-0.341286348869	1.5408428721	0.0
0.169109217295	0.761864370203	0.0
-0.272477383558	1.06519529375	0.0
-0.178594607642	0.470026298877	0.0
0.254632558598	0.694479839589	0.0
0.226997352498	1.01844462836	0.0
-0.184959850764	0.789984680566	0.0
0.100243787852	0.843701974932	0.0
0.0167440495453	1.1081689264	0.0
0.0554517474116	1.76225857581	0.0
0.527027041552	0.983260757286	0.0
-0.414688060222	0.872976576494	0.0
0.420230794764	1.61634972888	0.0
-0.733030455963	0.475429671211	0.0
0.351061914479	0.754326281413	0.0
-0.32355960194	1.03330015912	0.0
-0.631066710556	0.777171201611	0.0
-0.186703130484	0.607453754964	0.0
0.126064791298	1.14836278549	0.0
-0.392271115035	0.588781134271	0.0
-0.0528381257474	1.32531482825	0.0
0.5815396532	1.4401301685	0.0
0.235019525398	1.40557693761	0.0
0.227412679705	0.861951307742	0.0
0.262319661069	1.11000027765	0.0
0.0923306704497	1.58510288049	0.0
0.0181387517446	1.11234150474	0.0
0.101124479724	1.49497419275	0.0
0.0227031188596	0.518799527761	0.0
0.130919648346	1.47170328615	0.0
-0.0308892646649	0.975712054635	0.0
-0.297708502785	0.978696225553	0.0
-0.206204204246	0.406071362151	0.0
-0.0953551873396	1.09460425173	0.0
0.136731457378	1.15812936917	0.0
-0.633144169087	0.66898716461	0.0
-0.0183891464786	0.754272112646	0.0
-0.5253338827	1.35749268131	0.0
0.05531765062	1.24243857854	0.0
0.208182926027	1.48196451348	0.0
0.135054757658	1.30239412952	0.0
0.399907902852	1.3194865854	0.0
-0.0709408245077	1.35338838837	0.0
-0.402925554536	0.666013131818	0.0
0.0910860001396	0.872657178329	0.0
-0.208021294575	0.619787650531	0.0
-0.0840961437419	0.863188400951	0.0
-0.33870762837	0.89522974308	0.0
0.160025260338	0.393855596387	0.0
0.230272035926	0.81648167084	0.0
0.173205188019	1.17572975882	0.0
0.685732054447	1.61037470269	0.0
0.288346388807	0.882806378244	0.0
0.192700744298	1.11439545656	0.0
0.455585283722	0.757535369146	0.0
0.0503941749671	1.11237668448	0.0
-0.0246590308943	0.76221630059	0.0
-0.52992650302	0.622233985047	0.0
0.0171692505718	0.956693720205	0.0
0.374167764817	1.05713082764	0.0
0.306571001582	1.66393189309	0.0
0.260781608192	1.32561552866	0.0
-0.0514305592024	0.709017614051	0.0
0.432197337683	0.770796600776	0.0
0.458501970008	1.49747594776	0.0
0.278739613419	1.82336144345	0.0
-0.0680648647431	0.905545159137	0.0
-0.02353375882	1.25453580253	0.0
0.108437027589	1.04104765262	0.0
-0.0548156431482	0.604771951344	0.0
-0.381015833107	1.03583970919	0.0
-0.052687520578	0.884768627198	0.0
0.391507473864	1.11666094249	0.0
-0.0315921934058	1.31872123144	0.0
0.239142730364	1.39641252764	0.0
-0.154524237966	0.417480060618	0.0
-0.0342237947572	1.06726815652	0.0
0.252308938119	1.70281231209	0.0
-0.15532846577	0.552019790286	0.0
0.158235209797	1.2979662989	0.0
-0.321173988716	0.83377368965	0.0
0.413056908277	1.01523213903	0.0
-0.0878187318156	0.698272309515	0.0
-0.231995388389	1.41486880436	0.0
0.251740528442	1.11620660357	0.0
0.23349670785	1.0877620313	0.0
-0.704663330524	0.34734160504	0.0
0.39629247279	0.342977890923	0.0
0.0519649661819	1.66285852351	0.0
-0.0407740940055	0.895367294717	0.0
0.211070262837	1.63387833982	0.0
0.00753514559079	0.759756622982	0.0
-0.0153140997811	0.946926690503	0.0
0.359253143587	1.24093487711	0.0
-0.269145412316	0.637362395867	0.0
-0.483468534562	0.348822173864	0.0
0.4312064691	0.991049786586	0.0
0.0668164087334	1.0819453528	0.0
0.0133289185813	0.988998493393	0.0
0.138035512551	0.6791867729	0.0
-0.198167621736	1.47192719054	0.0
0.195609117794	1.53191184866	0.0
-0.256474498652	1.23965324217	0.0
-0.00708925479373	0.782305668333	0.0
0.179089072322	1.04947307608	0.0
-0.56989028399	1.01971874337	0.0
-0.522370824623	0.526659885101	0.0
0.123723679955	1.06029980662	0.0
-0.0616515885219	1.01989130736	0.0
-0.312606134209	1.0890460744	0.0
0.0150413519685	1.33165447383	0.0
0.306768839049	0.990157221448	0.0
-0.278677791072	0.943871984381	0.0
0.352663245623	1.37391340195	0.0
-0.344772531925	1.1870014745	0.0
-0.0126937060401	0.892319947707	0.0
0.325426206765	0.920157643561	0.0
-0.111823206678	1.72631143466	0.0
0.785739900023	1.17128499922	0.0
0.0181580545352	1.29778481351	0.0
0.344461430728	0.989711499678	0.0
-0.280303393749	0.59908073101	0.0
-0.624163003742	1.32147632236	0.0
-0.515922704374	0.482238072392	0.0
-0.691781840064	0.668193433253	0.0
-0.0108735856561	0.715867014729	0.0
-0.00397192737464	1.85583616693	0.0
-0.195729560591	1.00540427949	0.0
0.0472100056399	1.43640340548	0.0
-0.291015657513	0.873457160589	0.0
0.357824255403	1.1028384578	0.0
0.0923177555009	0.948358529901	0.0
0.106907306288	1.09436779742	0.0
0.467251150012	0.742952312692	0.0
0.362323954771	1.95987190146	0.0
0.0706002845007	0.638240263722	0.0
0.621240177765	0.991721617969	0.0
-0.236958499607	1.1383268695	0.0
0.149814705685	0.820609951412	0.0
-0.51348805722	0.701249143184	0.0
0.408385771048	1.36306502382	0.0
-0.629062730863	0.272666532377	0.0
0.171006665595	0.918830168455	0.0
-0.132310018203	0.772421031981	0.0
0.476122703761	1.39900753301	0.0
0.158507103764	1.369317636	0.0
-0.0992298101927	0.476761325959	0.0
0.106694015081	0.551106549679	0.0
-0.305720472267	0.349134086338	0.0
0.0415733351252	1.34375774109	0.0
-0.0742828260795	0.422759936435	0.0
-0.00992355189123	0.734633755943	0.0
0.436613610368	2.06087774032	0.0
0.179171660734	0.886389160469	0.0
-0.175082492282	1.1708092891	0.0
0.355698956637	1.7527324716	0.0
0.243101609798	0.865353088348	0.0
-0.611685872794	0.551604015176	0.0
-0.238935194232	0.71313869486	0.0
-0.308650698524	1.14726422227	0.0
0.206623682289	1.63633929791	0.0
0.147065714698	1.61034091437	0.0
-0.230363614938	1.32397534181	0.0
-0.0391061813573	0.870029099802	0.0
-0.302310889631	0.73813982476	0.0
0.0748055261651	0.811613147137	0.0
0.0519960212438	1.12419251981	0.0
0.123958466383	1.38890683651	0.0
-0.551069515989	0.565740037851	0.0
0.201152428318	1.18193847699	0.0
-0.43542988349	0.371380611925	0.0
0.710657482804	1.17317362399	0.0
0.4025979206	1.25400399868	0.0
-0.36870796563	1.35994660845	0.0
0.0850660497839	0.672941371905	0.0
-0.0510784969712	1.48893600754	0.0
-0.369868016577	1.34800005622	0.0
-0.472366460646	1.13419563515	0.0
0.0487424563139	1.47739849864	0.0
-0.121218592103	0.740146829117	0.0
0.311104100182	1.24076859276	0.0
-0.169375672309	0.913880588703	0.0
0.0129795895731	1.2618105673	0.0
0.179002130959	1.16288630995	0.0
0.138990969068	1.2035337484	0.0
0.124804749566	1.19357958692	0.0
0.289310894759	1.04372055902	0.0
-0.000262519974977	1.07915798315	0.0
-0.0464006480628	1.64305732764	0.0
-0.31707718989	0.783316034135	0.0
0.0395579551014	0.709722616182	0.0
-0.197254665735	1.17189136194	0.0
-0.135579437853	1.00630975205	0.0
-0.315870842357	0.726054629275	0.0
0.0739888580818	1.46044926983	0.0
-0.0965392872144	1.06804492642	0.0
-0.143569383078	1.63416202919	0.0
-0.209390036297	0.926187705598	0.0
0.324943820083	1.60742850972	0.0
-0.395140197442	0.582904581699	0.0
0.596368242644	1.32215229362	0.0
-0.202755124867	0.195977299291	0.0
0.280570086568	1.37891243405	0.0
-0.161234747001	1.70357867508	0.0
-0.3791823649	0.618935596744	0.0
0.417531645008	1.40871306842	0.0
-0.444679749477	0.433777302048	0.0
0.624602318077	1.36648986105	0.0
-0.175634193792	0.714556516971	0.0
0.306973119356	1.18605809348	0.0
0.088679819564	1.14730361537	0.0
0.00337640843483	0.344819190069	0.0
0.0562511403883	1.26506250819	0.0
-0.0860391011127	1.48731812347	0.0
0.0427611045514	1.42210428565	0.0
-0.102784601097	0.512138562881	0.0
-0.0870170939572	0.600838734987	0.0
-0.377242571034	0.789472263694	0.0
0.363979667114	1.17829040651	0.0
-0.0334852834424	1.2332586698	0.0
0.382056240969	1.07242226361	0.0
0.219133712581	1.57055934009	0.0
0.141136318738	0.781438869299	0.0
0.0720779569968	0.88005059727	0.0
0.0166450112087	0.725920766261	0.0
-0.209399252616	0.479806631665	0.0
-0.894638535641	0.534322234758	0.0
-0.0313184877362	1.54318829225	0.0
0.304116256781	0.637048002769	0.0
0.245488871652	1.06426814313	0.0
0.231359620532	1.07572124641	0.0
-0.096410787539	0.511454552753	0.0
0.358051498376	0.714521053703	0.0
-0.560180232246	0.79197240067	0.0
0.351458118682	1.51836418272	0.0
-0.0375322024738	0.913385468594	0.0
0.0789865140432	1.29857332774	0.0
0.239930427064	1.09965058359	0.0
0.13881205736	1.4405122243	0.0
0.176984052425	0.719840512882	0.0
0.0859543646655	0.292389655198	0.0
0.124381449042	1.05801816527	0.0
0.0755649079096	1.16376160027	0.0
-0.264956445603	0.540787360497	0.0
-0.135407344886	0.439401256277	0.0
0.0390630412669	0.911846333331	0.0
0.184345620523	0.79791649135	0.0
0.351289170407	0.895114410775	0.0
0.260174796146	0.921669050152	0.0
0.257000704741	0.954484042533	0.0
0.105950042363	1.23763616419	0.0
0.356703354616	1.44819262265	0.0
0.0334101121655	0.573764985014	0.0
-0.314964744016	0.758101584986	0.0
0.0875085093419	1.44959011884	0.0
-0.296357062186	1.02884416702	0.0
-0.507938325257	0.969774990866	0.0
0.110897145861	1.60489305475	0.0
-0.0585009918361	1.43863036785	0.0
-0.358186827223	1.19771652208	0.0
0.281639298614	0.692321086693	0.0
-0.499215454887	1.27549696592	0.0
-0.152117395008	0.997274471572	0.0
0.0672573986687	0.859104473747	0.0
0.184784743811	0.510219813306	0.0
0.40730862231	1.59346618881	0.0
0.0654529666401	0.839437758936	0.0
-0.406878745527	0.667619284326	0.0
-0.0769726156069	1.38691262509	0.0
-0.0952706289941	0.780962282827	0.0
0.260516245949	0.932926669952	0.0
-0.182985906815	0.570707700099	0.0
0.238724088785	0.979143948759	0.0
-0.211337136599	1.16061938911	0.0
-0.0262444631622	0.7138888041	0.0
0.104110278922	1.44678511059	0.0
0.498136752641	0.772290634115	0.0
-0.0158598426581	1.49656557791	0.0
-0.267642125733	1.31391165119	0.0
-0.183803566715	0.528382565527	0.0
-0.0790090313033	1.15097343058	0.0
0.243938751588	1.74421168767	0.0
-0.0446547843989	1.40935114657	0.0
-0.13876232346	0.182963761297	0.0
-0.0488345895889	1.351546528	0.0
0.0554508470661	1.61902496973	0.0
-0.133351747457	0.878918855741	0.0
-0.0200448447509	0.987160126364	0.0
-0.0927353915801	1.22872109507	0.0
-0.0886812185649	1.48217237926	0.0
-0.29670451155	1.42473275156	0.0
0.249040344267	1.41010949387	0.0
0.243883394338	0.93220988003	0.0
0.264641089247	0.902375073901	0.0
0.0277586426835	0.602246627382	0.0
0.236047333702	1.46482314792	0.0
-0.0015763696814	0.813956429371	0.0
-0.0415881784255	1.42818873332	0.0
0.0627960987262	0.8068275334	0.0
-0.266232371485	0.975664081544	0.0
0.476725417466	1.36155068469	0.0
-0.674489248374	0.445791462001	0.0
0.517165222747	1.49400461465	0.0
-0.0785022470006	1.13940178812	0.0
0.0588383665955	0.891729910575	0.0
0.306808639125	1.30412301433	0.0
0.342744765879	0.846507186041	0.0
0.47785837524	1.5826930106	0.0
0.26502758526	0.522059205576	0.0
-0.225742479099	0.773084492549	0.0
0.0703993853827	1.15032240381	0.0
-0.399122215494	1.09948787681	0.0
0.0564596963269	1.41795366037	0.0
0.112358393012	1.17172895098	0.0
-0.601391101617	0.728521541927	0.0
-0.453946491436	0.573817729536	0.0
0.299005626752	0.746772549697	0.0
0.137368578558	1.69917829485	0.0
0.348047048679	1.30341522774	0.0
0.0278250857264	1.0269114013	0.0
0.286336299967	1.10253636937	0.0
0.0838343389033	1.2772873045	0.0
-0.0120894219433	0.978824468994	0.0
-0.138612584228	1.42139273399	0.0
0.112873440675	0.591511804731	0.0
0.190952722891	0.876334848875	0.0
-0.531546923523	0.881400401383	0.0
0.309968799805	0.982731805268	0.0
-0.0202187074133	0.93403380925	0.0
0.126741764947	1.03583103241	0.0
0.304104430445	1.35743624659	0.0
-0.571875354665	0.580207157194	0.0
0.100903075414	0.54616656423	0.0
-0.255408586903	1.27854672496	0.0
0.156077702653	1.11024022341	0.0
0.122756343557	1.47514022708	0.0
0.541461668632	1.62349532493	0.0
-0.182326458894	1.18235601474	0.0
0.299183084012	0.910346645744	0.0
-0.0282906048085	1.06511072009	0.0
-0.0985032209422	0.894523270384	0.0
-0.440983546651	0.781272871253	0.0
0.0141554882224	1.3506408819	0.0
0.00663025126568	0.71847494686	0.0
0.168282631806	1.08945697038	0.0
0.3035271745	0.449909370829	0.0
0.296011585466	0.460385698538	0.0
-0.002487496623	1.14560002264	0.0
-0.451014108315	0.65112154598	0.0
-0.216194921801	1.02782334379	0.0
-0.0271042258036	1.60145010927	0.0
0.573522304752	1.08183898085	0.0
0.157981186911	0.757474867416	0.0
-0.459293547582	0.520699855071	0.0
0.158222475874	0.963619395094	0.0
-0.442882990969	0.335993772107	0.0
-0.440593546543	1.32503103574	0.0
-0.331440214003	0.814873927015	0.0
-0.265841214751	0.919550735981	0.0
-0.0641304986948	1.15638394932	0.0
0.494378176574	1.81026975008	0.0
-0.151034787558	0.717832022267	0.0
-0.187332198027	0.923091807078	0.0
0.161545524262	1.27589063864	0.0
0.329882073548	0.770046955661	0.0
0.217714369819	1.27234077493	0.0
-0.0777791163299	0.717379013643	0.0
-0.361811978259	0.606500130654	0.0
0.259150515007	1.32032121128	0.0
-0.294171716358	0.757341183376	0.0
0.346974125819	1.05433891111	0.0
0.0621011184549	0.854516665953	0.0
0.520731264516	1.79405261996	0.0
0.0535218053379	0.7188187838	0.0
0.128943604786	1.05083973075	0.0
-0.30318321997	0.607491894919	0.0
-0.397118775835	0.914662733924	0.0
-0.493575288274	0.892820680429	0.0
-0.135829646007	0.951039211832	0.0
0.322370272424	2.05838791485	0.0
-0.023398840752	1.80109026905	0.0
-0.0401617005479	1.76662522474	0.0
-0.515797898611	0.423098925263	0.0
0.641268793482	1.33531308154	0.0
-0.560133479054	0.708106592719	0.0
-0.154340123757	1.30184437784	0.0
-0.170543487606	0.452555887707	0.0
0.116485933777	0.459207506098	0.0
-0.180450471815	1.62722678957	0.0
0.0647732554944	1.23989229597	0.0
0.100878072231	0.701487048304	0.0
0.1565654763	1.34888788803	0.0
-0.392872858632	0.292964070866	0.0
0.426484014321	1.35198694075	0.0
0.111170229183	0.881040815958	0.0
0.615565772091	1.26854219903	0.0
-0.217928750078	0.432440039671	0.0
0.0133461394541	1.1425624045	0.0
0.367887862307	1.01240829747	0.0
-0.0481862234946	0.604094122083	0.0
0.232422352643	1.14637491016	0.0
0.290438080944	1.2750792529	0.0
-0.420331402937	0.909770741971	0.0
-0.0220313886617	0.804617013876	0.0
-0.0664913065877	0.615717009012	0.0
0.108885602097	1.19563077533	0.0
0.14744068875	1.03604789162	0.0
0.532676537138	1.14345071976	0.0
-0.235751010118	1.1620342009	0.0
0.497178847271	1.13360321426	0.0
0.619903723671	1.21707408512	0.0
-0.196035201163	0.83796624591	0.0
0.177344472358	1.06429864158	0.0
0.536081419923	0.975080178593	0.0
0.0391051695877	0.525051491328	0.0
-0.228601304359	1.02183949085	0.0
-0.367248727369	0.344552803773	0.0
0.0841684976847	1.2527882254	0.0
0.260202294308	1.29852731626	0.0
-0.491740085866	1.02788814532	0.0
0.12918343253	1.55432970094	0.0
0.256689973833	0.755587238454	0.0
-0.0776146262286	1.1964361885	0.0
0.0420800402979	1.20668851163	0.0
-0.271255797148	1.20670590493	0.0
0.339417207584	1.3347813915	0.0
-0.241415653015	0.857055821853	0.0
-0.00766517497446	1.04388329199	0.0
0.0442991522199	1.27011929436	0.0
-0.2226662837	1.12263699319	0.0
0.394137193165	1.22076898866	0.0
-0.0476415669342	1.26757556967	0.0
-0.225074619382	0.984311752159	0.0
0.17671327358	1.31287996375	0.0
-0.131786437367	1.27690022457	0.0
-0.0298805488406	1.25630774825	0.0
0.554947161872	1.32486090325	0.0
-0.110534998951	0.483329926634	0.0
-0.286440497231	0.742205071434	0.0
-0.0989438107035	0.83333230479	0.0
-0.2569641436	0.691088019716	0.0
-0.122939930606	1.15247786901	0.0
0.424590132491	1.26876252809	0.0
0.126341709643	1.29839761343	0.0
0.333123852828	0.709174384926	0.0
0.0223686656186	0.946097531146	0.0
-0.280053773449	1.34351783621	0.0
-0.281437124437	1.09605513408	0.0
0.376631446158	1.38579461145	0.0
-0.367886336667	0.81036413869	0.0
-0.474928901774	1.02801671908	0.0
-0.0829398297079	1.10810044272	0.0
-0.258848491099	1.08685014839	0.0
-0.708873564682	0.693410028618	0.0
-0.380282126682	0.888753552098	0.0
0.323041291107	1.07831242489	0.0
0.0916490582244	0.884333828012	0.0
0.00434782403428	0.337529207279	0.0
-0.50370169587	0.242484974562	0.0
0.179885394881	1.49014920509	0.0
0.0181812267902	1.25109648544	0.0
0.655057169504	1.33850934832	0.0
0.291730559838	0.799042450396	0.0
-0.117563902913	1.1414592264	0.0
-0.582466344707	1.3091949345	0.0
-0.400247866873	1.05350836578	0.0
-0.286427358225	0.973668531261	0.0
0.242286038524	0.785858015275	0.0
-0.197559195545	1.17975398245	0.0
-0.106688305329	1.57754280282	0.0
0.332939630679	1.58372808092	0.0
0.319000911047	1.33039598098	0.0
0.0293474652793	0.853495196754	0.0
-0.189721913832	1.22667866755	0.0
0.0124731216273	0.931890096783	0.0
0.431497499297	1.13628720784	0.0
0.646234919428	1.12739823741	0.0
0.0148159818085	1.04742811403	0.0
-0.0332319375893	1.43317809339	0.0
-0.352134053303	0.970871593019	0.0
-0.244411267099	0.654231832398	0.0
-0.145806870877	0.528718165817	0.0
0.279520843431	0.885690556162	0.0
-0.269479323441	1.09230913444	0.0
0.134018388886	1.36826335815	0.0
-0.16612819366	0.955185647587	0.0
0.0800481561312	1.22693266643	0.0
-0.392234160688	0.965452519965	0.0
-0.45464643139	1.19505553604	0.0
-0.304130653906	1.3801664968	0.0
-0.232680347327	0.633309074705	0.0
-0.532391818694	0.52732661729	0.0
0.457226344631	1.11289166148	0.0
-0.46795021841	0.478479303851	0.0
0.257999353427	0.680038162191	0.0
0.0131980888164	0.766997049266	0.0
-0.0650247383243	1.40395477034	0.0
-0.0336745338226	1.03656703278	0.0
0.00656659433847	0.829080974646	0.0
-0.0708995556213	0.570102173007	0.0
-0.21142707102	1.08385380588	0.0
-0.00135806338257	1.86476310747	0.0
-0.0149617330195	1.20609054544	0.0
0.171332198063	1.13743912299	0.0
-0.170685985423	0.781471516679	0.0
-0.130379468074	1.08188021271	0.0
0.253339508868	0.800609498364	0.0
0.671148356512	1.3586488719	0.0
-0.273388076949	0.694047452748	0.0
0.433533472433	0.733979177975	0.0
0.123159095928	0.475807636404	0.0
-0.0804347552502	1.56194467229	0.0
-0.32411654391	0.447039312471	0.0
0.508272459001	1.2656431763	0.0
-0.482536237256	0.558074287263	0.0
0.0527415555576	0.569596808105	0.0
0.130098715468	1.22318771472	0.0
0.0244809761353	0.587848926668	0.0
0.266087183815	1.161404455	0.0
-0.450465470547	0.108873173485	0.0
-0.549382886994	0.94812628212	0.0
0.144840463221	0.987780804312	0.0
-0.119723278534	0.95845217722	0.0
0.134175401053	1.25400958064	0.0
-0.239753776655	0.904438869583	0.0
-0.261148542883	0.627552509257	0.0
2.94451690679	7.91452134236	1.0
3.06604406752	7.74232773511	1.0
3.03499601753	7.27932970737	1.0
2.88967169572	7.16437224937	1.0
2.89993280986	6.41938554923	1.0
2.34286696873	5.34400470514	1.0
2.82756418633	7.21731986887	1.0
3.2772126718	7.32340916547	1.0
2.8683414967	7.29950997825	1.0
3.30988602647	8.06588347327	1.0
3.05399334393	7.60040214954	1.0
3.20372181892	8.06993557661	1.0
2.79000303575	6.93109774047	1.0
2.79180532761	6.48991618695	1.0
3.15477926804	8.40370653729	1.0
3.07775919031	7.35186268819	1.0
3.05419689806	6.59896928225	1.0
3.13555056043	8.05814751249	1.0
2.86582319515	6.65023305714	1.0
2.87231696725	6.77717322196	1.0
3.00401266323	5.96385711114	1.0
2.89222439241	6.40117538374	1.0
3.00963749512	6.88089223269	1.0
2.94808924603	7.1289549346	1.0
3.38187943331	8.39689055179	1.0
3.05064292503	7.11378670491	1.0
2.65096568243	5.66571334051	1.0
2.76268653204	6.01796724259	1.0
3.03762923595	7.17960625745	1.0
2.6746818138	5.58311925913	1.0
2.96454683423	7.81277098023	1.0
2.79537070803	7.27502420988	1.0
2.77725672829	6.36248189818	1.0
3.2458573465	7.57237545335	1.0
2.96719653954	6.22814792005	1.0
3.05677223446	7.08230457826	1.0
2.74569836311	6.14290819184	1.0
2.81663788156	6.63993538054	1.0
3.08519027897	7.35631965675	1.0
2.95638627478	6.93566119781	1.0
2.86566477051	7.00983475673	1.0
2.79872000665	6.80982355859	1.0
3.25996419844	8.32986941499	1.0
3.14226811304	7.71415781073	1.0
3.28158907498	8.32514259683	1.0
2.73861523675	6.70781087117	1.0
2.78903510663	7.08512489281	1.0
3.19072850824	7.46730004055	1.0
3.17571738563	7.03650146348	1.0
3.11436718496	6.61081492536	1.0
2.94346722835	7.27794896355	1.0
3.21742526437	7.4165917806	1.0
3.03002651056	6.87833796555	1.0
2.94022450039	7.25780437611	1.0
2.95248726775	6.56208664338	1.0
2.69042353848	5.65877330984	1.0
2.89005947914	5.75541560807	1.0
3.0883247707	6.69344067477	1.0
2.81079726429	6.91987149374	1.0
3.03185982292	6.91500756662	1.0
2.70971282339	6.05159422591	1.0
3.06205186113	7.38825476227	1.0
2.78433489068	7.02477945215	1.0
2.79671137364	6.25276600086	1.0
3.02550659174	6.84655507475	1.0
2.8653064174	6.47175094211	1.0
3.12543594784	7.2363977571	1.0
3.05260004855	6.94245808132	1.0
2.90908834835	5.85142579413	1.0
3.10183379481	6.24867311228	1.0
2.71538947942	5.86002937854	1.0
2.87879866938	5.81405692004	1.0
2.96669227269	7.15495785975	1.0
2.85641563644	7.32632281621	1.0
2.95947091858	6.29578137581	1.0
3.07758017469	6.62428020155	1.0
3.00278500937	7.45798110942	1.0
2.99343986092	6.18287494254	1.0
3.14412818418	6.66713777216	1.0
3.12781733708	7.75205638002	1.0
3.10763360528	8.79795296406	1.0
3.02707700798	6.6566159576	1.0
3.46744956938	8.2038618542	1.0
2.91238764034	7.44037577305	1.0
3.36648470827	7.30834793768	1.0
3.2838391436	6.81471652577	1.0
3.00947192292	7.09400358577	1.0
2.98351697417	6.80522795258	1.0
2.63345075465	6.2801331929	1.0
2.96310304256	7.33685746713	1.0
2.60643278067	5.99089297536	1.0
2.98083811482	7.09407885811	1.0
3.09686077398	8.22724850051	1.0
3.27435724795	7.14140752814	1.0
2.73494080443	7.22046198749	1.0
2.79658765604	7.02384074454	1.0
2.71757360283	5.93148577744	1.0
2.8254031457	6.59752865049	1.0
3.1919503917	7.8997179481	1.0
2.93292914956	6.66883121662	1.0
3.21688905924	7.85924332063	1.0
2.87379137713	6.88157985015	1.0
2.65791465009	5.82938019557	1.0
3.10188002698	7.27269925831	1.0
2.82285829322	6.24162346358	1.0
3.04274259588	7.29232154555	1.0
2.70231905975	6.27088929347	1.0
2.95321388132	7.1412940157	1.0
3.15521942319	7.30067063409	1.0
3.09990055659	6.58620660588	1.0
3.24497823096	7.27791433162	1.0
2.63421234593	6.59298559974	1.0
2.96222661667	7.2844822288	1.0
3.08456588005	7.2867970365	1.0
2.99377501724	7.54894760388	1.0
3.0956204522	6.62761535869	1.0
2.91343921827	6.83294881656	1.0
2.86074197641	6.15777587877	1.0
2.92286779629	7.03521526649	1.0
3.25961847324	7.42889533524	1.0
2.73386177901	6.62091435498	1.0
3.06631129574	6.61970646561	1.0
2.70759100526	6.08139120757	1.0
2.8818027439	7.50386006824	1.0
3.11333486073	7.85234464972	1.0
3.05692425039	6.94153458991	1.0
2.75661273379	6.65637785419	1.0
2.83931247502	6.06019180443	1.0
2.94760100525	7.62039778766	1.0
3.21120680673	6.54914138913	1.0
2.95149636195	7.79758288118	1.0
2.96283325013	6.50482371159	1.0
3.35640143172	8.2980495614	1.0
3.22519115695	7.36045908927	1.0
3.00722664144	7.49588527344	1.0
2.55129262343	5.95971722885	1.0
2.96382884544	7.40166830549	1.0
3.28008071161	8.25824283275	1.0
2.96537772138	6.65192233756	1.0
2.76829341438	6.78224571546	1.0
3.3095466654	7.23795056226	1.0
2.81061027913	7.27436899766	1.0
2.78840852118	6.0659754787	1.0
2.78864425337	6.13190756652	1.0
3.17876760127	7.51415427655	1.0
2.87464755828	6.36150570945	1.0
2.9930599963	7.53853550511	1.0
2.76115724884	7.48347451653	1.0
2.81747907681	6.58190463501	1.0
3.06968180791	7.39943501025	1.0
2.79581177732	6.52231651958	1.0
2.94148300198	6.07122435817	1.0
2.77678944438	7.26633854382	1.0
2.88226033139	6.89826560896	1.0
2.79900998677	5.43404792171	1.0
3.09254888671	7.05606181534	1.0
3.06943952107	7.94051689632	1.0
3.0064004933	6.83107461317	1.0
2.83285520319	6.65668575041	1.0
2.91000017148	4.97199146119	1.0
2.84264793305	7.34044172787	1.0
2.62736182641	5.85065573088	1.0
2.78773414368	5.79810331924	1.0
2.79530262395	6.44675414952	1.0
3.33108597192	6.81687566349	1.0
3.18247768961	8.25792065731	1.0
3.08248328567	7.78732991851	1.0
2.99035372115	8.18565159645	1.0
3.06421962575	7.53933207458	1.0
2.73071616774	6.67911015119	1.0
2.75967951119	6.50043294629	1.0
2.73999290988	6.84215736688	1.0
2.70526838079	5.82720260764	1.0
3.16169817316	7.7353914913	1.0
2.95017486785	7.93231932818	1.0
3.02261881129	6.82761797638	1.0
2.80716550992	6.45595469713	1.0
3.00808964167	6.46445043015	1.0
3.0825915636	6.3095755339	1.0
3.10012084026	7.58109362015	1.0
3.02871291306	6.85547009724	1.0
3.0671614586	7.43859436949	1.0
2.63460512869	5.95944766582	1.0
3.26979807049	7.84993987788	1.0
2.75806392244	6.69545964575	1.0
2.99632021279	7.21512552668	1.0
3.07875538171	7.48614716767	1.0
2.8322242949	6.37404142636	1.0
2.72987503465	6.79112972784	1.0
2.94349930875	6.69543659051	1.0
2.75473694207	6.67563039639	1.0
3.52006846957	8.47869312954	1.0
2.93117467597	5.85723710622	1.0
3.05372544011	7.24527024609	1.0
3.15488433502	6.93451887608	1.0
3.01197433437	7.57525446012	1.0
2.80590871682	6.20104945997	1.0
2.80321262049	5.97322732158	1.0
3.08363296669	7.19184156138	1.0
3.23842164309	7.43635640448	1.0
3.06229892161	6.65518927181	1.0
3.22915758122	7.65545549559	1.0
2.81285430959	7.53024641682	1.0
2.8538103056	5.68164550178	1.0
3.06596797443	7.01449678126	1.0
3.13493617069	7.68692634232	1.0
2.91819528534	6.16407834253	1.0
2.85794580561	6.63891144148	1.0
3.32542283731	7.68821684189	1.0
3.268267947	7.8789311535	1.0
3.00623629754	6.95602317398	1.0
2.92986547442	7.37862612809	1.0
2.9385580194	7.21387223409	1.0
2.89064063734	6.45685993304	1.0
3.22484617439	8.03314404211	1.0
3.23681138812	7.48837022314	1.0
2.75263207359	6.49347956747	1.0
3.2818351092	7.28068734265	1.0
2.8287158154	6.37645698426	1.0
3.08617090088	6.64004194575	1.0
2.97528266527	6.11978261469	1.0
2.94173370405	6.59783365596	1.0
2.46625947519	5.28404967385	1.0
3.18257534621	7.49086515257	1.0
2.9522830682	7.05499831321	1.0
2.9919585137	6.61129837754	1.0
2.99025967727	7.27341010793	1.0
2.94213082017	6.47618463087	1.0
2.99372668999	7.19728857913	1.0
2.77542762354	6.64157545108	1.0
3.04008071122	6.84086503634	1.0
3.15709218598	6.49407588412	1.0
2.81919387492	7.19556750364	1.0
2.81543339981	6.58375533159	1.0
3.05283699619	6.6188711737	1.0
3.13799161815	8.16178044214	1.0
2.9054569507	6.72781498092	1.0
2.90645913259	6.84061629142	1.0
3.20370800849	7.25041138378	1.0
3.38838223369	8.53289274298	1.0
2.85389880931	6.6498978753	1.0
3.21276477646	7.51223855409	1.0
2.64974644937	6.16336516785	1.0
3.13227652807	7.17102712522	1.0
2.87284699208	6.00166554394	1.0
3.48008834707	8.05806716178	1.0
2.98197669916	6.40292998359	1.0
2.80433521441	6.38888074712	1.0
3.18768553191	7.29686162742	1.0
2.9411845084	6.4898341671	1.0
3.04135162113	6.97569496766	1.0
3.24242314482	7.67699810046	1.0
3.038373892	6.19203071601	1.0
2.92258268032	6.93301439148	1.0
3.05577012292	7.22474306815	1.0
2.82273095769	6.80256338234	1.0
2.84628459969	6.7067550279	1.0
2.98756430107	7.21708391578	1.0
2.82467067603	6.95217626112	1.0
3.61386948068	8.5199978256	1.0
3.09749313416	6.75278575739	1.0
3.03898950214	7.94303484363	1.0
3.05124051358	7.78703827667	1.0
2.96008551956	7.1553799784	1.0
3.05949030711	7.71281073938	1.0
3.10503316892	6.94074653943	1.0
3.29642461726	7.96021287419	1.0
3.07582371233	8.89414966934	1.0
2.95816372319	6.14518215076	1.0
3.0685870418	7.4240255722	1.0
3.0210946896	7.04334208447	1.0
3.24229798707	7.95092799273	1.0
2.64241530633	5.12987982969	1.0
3.11766148416	6.82760103802	1.0
2.6824937808	5.92389687525	1.0
3.28536253264	7.11341203709	1.0
2.78341080127	6.13595301726	1.0
3.12523483562	7.17670386104	1.0
2.97725177147	7.34476781603	1.0
3.13934977333	7.99308727612	1.0
2.95092157544	6.83876863171	1.0
2.63108712719	6.35083914258	1.0
3.01885134791	7.32768777041	1.0
2.85250240959	6.73166965012	1.0
2.98451896215	7.29669468333	1.0
2.88546366226	6.3110643386	1.0
3.14862131496	7.19786860255	1.0
3.07558851689	7.00769443975	1.0
3.07259493825	6.542771195	1.0
3.15656988439	7.446940293	1.0
2.76387083046	6.2152407733	1.0
3.25676326942	7.40838498708	1.0
3.26572152397	8.1687609224	1.0
3.07595855207	7.17647207316	1.0
2.86749835808	6.06660456461	1.0
2.78040559108	5.34106118451	1.0
2.83207217689	7.04366030453	1.0
2.83123491516	6.4169228002	1.0
3.1926757307	7.7638620151	1.0
2.92250880967	7.48212218667	1.0
3.18676294946	7.39230005579	1.0
3.41947931019	7.47061743083	1.0
2.76790825188	7.07878371882	1.0
3.0784864733	6.52457778083	1.0
3.05045571387	7.39272665183	1.0
3.01261023021	7.76321513192	1.0
2.96708359768	7.95875571218	1.0
2.98579140888	7.39587386879	1.0
2.76059879896	7.33904380976	1.0
3.05600400158	6.93251164898	1.0
2.92288268231	6.30312912605	1.0
2.81863682215	5.59339002346	1.0
2.85619243862	6.27469909831	1.0
3.08154155399	7.05454056089	1.0
3.25808735469	8.07904245028	1.0
3.02869903563	7.23092097959	1.0
2.98664211327	6.06770862513	1.0
2.89381616901	6.83612554134	1.0
2.85313919451	7.29548389154	1.0
3.02126588967	7.56067319383	1.0
2.60913917948	6.62492710704	1.0
3.39276616125	7.93534419939	1.0
3.07477404279	7.00957704238	1.0
3.22415214459	7.97986658969	1.0
2.94331135203	6.36846428752	1.0
2.87886365529	7.06175374679	1.0
2.88313596053	6.84167015643	1.0
2.96180419556	7.09086924568	1.0
2.97156502468	7.54508522575	1.0
3.08233259333	7.9586957063	1.0
2.97604958449	7.0837539807	1.0
3.2364106955	6.29819026308	1.0
3.01790067793	6.59615632	1.0
2.96178722506	6.18816426744	1.0
3.21773980639	7.07043906413	1.0
2.83546329192	6.44675482705	1.0
2.86665137864	6.50217029462	1.0
2.84527907113	7.05424157297	1.0
3.09425048609	7.19054296862	1.0
3.18048668016	7.19366109557	1.0
2.96986355639	6.68492067394	1.0
2.7742296553	5.87486509027	1.0
3.0131978454	7.10260183234	1.0
2.57071268008	6.12751741072	1.0
3.09406387014	6.22327136021	1.0
3.09855838381	7.30499064467	1.0
2.92429101782	7.00757771295	1.0
2.90570790685	6.68082604533	1.0
3.0827789167	6.57123166506	1.0
3.14849321424	7.00319243966	1.0
3.23000430816	8.73274421236	1.0
3.20844731514	7.76998282537	1.0
2.90323897111	7.76330526875	1.0
3.2873678877	7.84595664295	1.0
2.93690838514	7.7266880375	1.0
2.73823104639	6.75467010338	1.0
3.24916354742	7.30689782818	1.0
3.06981032852	7.4602108374	1.0
2.75487278993	5.97660554294	1.0
2.82271445184	6.09072896698	1.0
2.69905770731	5.97667300634	1.0
3.14022285896	7.55836715054	1.0
2.99333449847	6.47112014068	1.0
3.21337582337	7.36698840726	1.0
2.89289893571	6.49661122618	1.0
2.93777800011	6.61035045522	1.0
2.73049773768	6.96389432184	1.0
3.43928475086	7.71147570292	1.0
3.07026141959	6.74206729004	1.0
2.84273628599	6.58955711987	1.0
3.14389265069	7.2665346235	1.0
3.1136391195	7.46775553038	1.0
2.9953739938	7.0488129964	1.0
2.72541786214	6.79493433193	1.0
3.00329270187	6.92431353107	1.0
2.78225745341	6.75870865708	1.0
2.80033051659	6.01101279355	1.0
3.14178873227	8.3559594413	1.0
3.21684225548	8.2245112083	1.0
2.93618645948	7.9149177322	1.0
3.04994071592	7.73055664542	1.0
3.18833975575	7.34006824729	1.0
3.1438810719	7.8125748077	1.0
3.35415849078	7.49147530464	1.0
2.95500084755	6.99046047705	1.0
2.78297894534	6.09223107881	1.0
2.84138277273	6.66068501864	1.0
2.45030342313	5.39867598887	1.0
3.19761713966	7.06666656173	1.0
3.23493137415	8.04726887603	1.0
2.67290642105	5.71464862904	1.0
2.94070364594	6.9499478859	1.0
3.23569330582	7.27300689482	1.0
2.88040723115	6.60590154426	1.0
2.99140822121	5.61829277241	1.0
3.01315201081	5.8093410948	1.0
2.79097124735	6.21091071247	1.0
3.01585754501	6.2560316252	1.0
2.9332212141	5.999536338	1.0
2.65164370858	6.68596879921	1.0
2.64327572817	6.13469535393	1.0
2.88814811344	6.02415741698	1.0
3.0901008937	7.20398406795	1.0
2.87291173021	5.88323934952	1.0
2.85023452474	7.0924562841	1.0
3.21884230065	7.74769080683	1.0
2.94424471605	7.14719314196	1.0
2.88481236856	6.95719417868	1.0
3.02343953565	7.45520179663	1.0
2.92526204446	6.68802807638	1.0
2.99220384735	6.22242299225	1.0
3.27302640639	7.44495282952	1.0
3.12389856704	7.24625220482	1.0
3.12423272997	7.38782414949	1.0
2.91382199525	7.48455795582	1.0
2.73770046861	6.20739456391	1.0
3.03205279419	6.97573705188	1.0
3.00008278423	7.04006070006	1.0
2.847785192	6.73439663763	1.0
3.14438285692	6.98774714352	1.0
3.48517140704	7.57709250831	1.0
2.84117220436	6.50207960889	1.0
2.83827015537	6.2053680553	1.0
2.61132948993	6.05073145703	1.0
3.12482777836	6.88183804971	1.0
3.06435543725	6.87061997486	1.0
2.87278696034	6.6636640832	1.0
2.75462112515	6.36025725643	1.0
2.90634190324	7.35846628795	1.0
2.93208272746	8.07316046953	1.0
3.04362048884	7.11285019327	1.0
2.93769276456	7.66811067452	1.0
3.34706595137	7.87651259098	1.0
2.98418141738	6.95800122722	1.0
2.80388878774	6.88242042518	1.0
3.09688335832	7.0828638062	1.0
3.03815099757	6.00407357823	1.0
3.27183361161	7.08422109247	1.0
2.9277248235	7.07146809943	1.0
2.986546545	7.32277520806	1.0
3.1139857179	6.66959383852	1.0
2.78362440275	6.47390265138	1.0
3.23326787375	7.83243491019	1.0
2.86986959648	6.15146881785	1.0
3.10823401539	8.36548862014	1.0
2.52849405606	6.38837139088	1.0
2.96893238944	5.8916469169	1.0
2.92588392325	6.37711022749	1.0
2.95476147906	6.94987517434	1.0
2.77400260847	5.7145592858	1.0
3.00230267236	7.11051700413	1.0
3.3024357675	7.48838356253	1.0
2.69472911858	5.60981228724	1.0
3.23378754312	7.49095347256	1.0
3.19176741325	6.68189799463	1.0
2.99985353476	7.90065709966	1.0
3.09468253346	6.50928712385	1.0
2.97990160096	6.51896685336	1.0
2.67102379316	7.31671471896	1.0
2.9541940856	6.85215398776	1.0
2.87931644725	6.40548418739	1.0
2.88550256009	6.61902469394	1.0
3.08499461373	7.28976173589	1.0
2.92516933733	6.49595328254	1.0
3.06459248897	7.34210530101	1.0
2.8391299333	7.18144028455	1.0
3.01659865462	7.95255113023	1.0
2.84392771443	5.27801464222	1.0
2.83038827616	7.09839220099	1.0
3.1573678781	7.30648662087	1.0
2.8909212407	6.36238298764	1.0
2.74500315374	6.686411606	1.0
3.3330590556	8.81831020413	1.0
2.99011545787	6.89358340135	1.0
3.23751590375	6.35476511216	1.0
3.17761880659	7.40495396818	1.0
3.02937330464	7.54732090339	1.0
3.00850147893	6.81476968311	1.0
3.07901063362	7.81399784054	1.0
3.3371271143	8.41420414106	1.0
2.90767387766	5.6034062735	1.0
2.79587237652	7.00738038053	1.0
3.05448642847	6.89097231064	1.0
3.10087447771	6.90396075893	1.0
2.89609648313	6.74644340453	1.0
2.9631291273	7.4037052615	1.0
3.33000339234	8.48995362586	1.0
2.97972604205	7.61286015405	1.0
3.153455151	6.95719059011	1.0
2.55157026708	5.33966614859	1.0
2.76621008904	6.71726367981	1.0
2.97865293067	6.69252720559	1.0
3.1581072079	7.5698057041	1.0
3.09534874842	6.8313403669	1.0
2.89910777161	6.57545396336	1.0
3.13815369114	7.93071365294	1.0
3.18902931678	7.53004934988	1.0
2.95769169513	6.99878418912	1.0
2.71090830602	6.17673153335	1.0
3.32258725566	7.29367900886	1.0
2.96310974119	7.58670487146	1.0
3.16089390377	8.02141371875	1.0
2.98105303179	7.33230008675	1.0
2.87904212295	7.70401263419	1.0
3.24780742851	7.45277699072	1.0
2.81584503396	6.92144866247	1.0
3.01154805781	6.57597188495	1.0
3.03728832263	7.62231610091	1.0
3.1815048602	8.05319938532	1.0
2.72146825549	6.92048671056	1.0
3.34158614583	7.90519597203	1.0
2.96661088494	6.88506690938	1.0
2.89243966362	6.65402591174	1.0
3.41954516419	8.47601747734	1.0
3.31838547465	8.48898390474	1.0
3.28192011257	8.58298779867	1.0
2.8759364254	6.62372123018	1.0
3.26329253337	8.35783570877	1.0
3.39785994068	7.57592623595	1.0
2.8048993936	6.40929408565	1.0
2.97381814863	7.01212605855	1.0
3.00073245724	6.29006187212	1.0
3.26025221851	7.81918957655	1.0
3.181740052	7.57044901729	1.0
3.15153576172	7.59594039661	1.0
3.01234525077	6.86017315561	1.0
3.11878529907	7.04663162218	1.0
2.87284443477	6.48270021477	1.0
2.86760644809	6.36723022503	1.0
3.35135169712	7.66647465503	1.0
3.09812554505	7.35213492504	1.0
3.1206697834	6.63771589146	1.0
2.97667456818	6.5342639292	1.0
3.06012093601	6.3346344658	1.0
2.96460371736	6.9483258928	1.0
2.80654242489	6.27602468443	1.0
2.79629080759	6.10769940359	1.0
2.88225826304	6.94918509082	1.0
3.12090202445	6.98003917701	1.0
3.10814320692	6.8979947955	1.0
2.96020912592	7.22358950933	1.0
3.14252060326	8.21566980753	1.0
2.93102833113	6.67672441323	1.0
2.92278232229	7.08699510531	1.0
3.03748179413	6.65995098055	1.0
3.28747743749	6.82340278249	1.0
3.01366290389	7.23855182175	1.0
3.00160377249	6.9873801059	1.0
2.99400036739	6.98175623245	1.0
2.53125238323	4.84628085276	1.0
2.80217275684	6.37416789674	1.0
2.74312710111	5.94035781955	1.0
2.90921253622	6.71631136917	1.0
2.71441069156	5.9358000451	1.0
2.9425208511	7.24256422574	1.0
2.9803081051	7.52239483723	1.0
3.10207553132	6.88985587603	1.0
3.37152112573	8.0560719331	1.0
3.17032819558	7.77434469543	1.0
3.02382491619	6.1089349183	1.0
3.10767881195	7.01580739163	1.0
3.00974358034	7.09749061641	1.0
2.82749682911	6.54555372355	1.0
3.15159314373	7.45467733014	1.0
3.19185384524	7.07478518263	1.0
2.85881722887	6.50270221867	1.0
3.48514107748	9.48444924711	1.0
2.81305659335	7.02815362186	1.0
2.69186288587	6.38433562397	1.0
2.8634570938	6.81332543333	1.0
2.91584853261	6.6149993356	1.0
2.64772116859	5.84117930118	1.0
3.18953513729	7.59193858337	1.0
2.72192342749	4.99143410284	1.0
3.09154436904	6.56857998179	1.0
3.02352302306	7.35752692205	1.0
2.89481534601	6.7415435648	1.0
3.09174160706	7.03476589357	1.0
3.39313403259	8.43851544943	1.0
3.00034921491	7.16608471671	1.0
3.45457779751	8.02540723489	1.0
2.95910077125	6.62437437482	1.0
2.87618679465	6.92086335605	1.0
3.20335610998	7.42976538896	1.0
3.51194473944	8.23648529418	1.0
3.12911582224	6.95781850787	1.0
3.45984398408	7.8540873628	1.0
2.95694459828	6.91976528481	1.0
2.91997184185	7.12882013366	1.0
2.92565055382	7.05671581268	1.0
3.21860879411	7.58722408102	1.0
3.08538267882	6.80050746737	1.0
2.97271506445	6.90517244006	1.0
3.00393943975	6.94277734862	1.0
2.91421638829	6.78581606935	1.0
2.84937121288	6.89265763016	1.0
2.8774610704	6.69776002563	1.0
2.79916006934	6.3550063869	1.0
2.88334190922	7.18797920303	1.0
3.41969821141	7.23380971568	1.0
2.91042133073	6.58212416658	1.0
3.13811776832	8.16608845768	1.0
3.00137387107	7.02873827595	1.0
3.37107069942	8.50176939732	1.0
2.93868906962	6.99364280646	1.0
2.810080468	6.38925812417	1.0
2.89307786299	6.68543369478	1.0
3.03337281733	6.78577607187	1.0
3.13187360361	7.11214805419	1.0
2.74672236093	6.65106810799	1.0
3.24047978683	8.38667377607	1.0
3.01001571159	7.77257038067	1.0
3.11651759939	6.9032818933	1.0
2.77722582126	5.65034320935	1.0
2.85843219413	7.00303060481	1.0
3.10210548134	7.64277346889	1.0
3.33717319018	8.31655575118	1.0
3.13784224776	6.99480690528	1.0
2.81061096699	6.2673504957	1.0
2.84745233446	7.03209635987	1.0
2.99913451076	6.48976303854	1.0
3.17084424392	7.32181528342	1.0
3.0565709741	7.419145749	1.0
2.975319832	6.30455783819	1.0
2.81234203801	6.05338329083	1.0
2.89047604888	5.70436491942	1.0
3.16257906228	7.7307810005	1.0
3.11249659101	7.09298784681	1.0
2.71805856421	6.19789620597	1.0
3.50596926446	8.74720069431	1.0
3.07231068205	7.80286823688	1.0
3.14976814207	7.73058141295	1.0
2.81175717283	6.02619227057	1.0
2.89896076064	6.6573496559	1.0
2.86265046827	7.18272528938	1.0
3.31761428744	7.51855366001	1.0
3.06151657745	6.59580199494	1.0
3.13360308678	8.4514481258	1.0
2.72522286324	5.99847578834	1.0
2.82765080752	6.56882505818	1.0
3.13297422681	6.5250213137	1.0
3.12698139963	8.05957352351	1.0
3.07968500286	6.84590287453	1.0
3.01613398496	7.41628969483	1.0
3.0113079444	6.4454881573	1.0
2.93626192842	7.62086887289	1.0
3.13980225718	7.82341060579	1.0
3.35590252072	7.40740501067	1.0
3.05737155295	7.26096809056	1.0
2.73048238621	6.32663218142	1.0
3.19162193177	7.25793255381	1.0
3.16786330391	7.29522870935	1.0
3.2029960642	8.06742985128	1.0
2.75634562731	6.56582080701	1.0
3.16582415753	6.75822516078	1.0
2.94164961406	6.69432164831	1.0
3.38159250004	7.98498487637	1.0
2.64419444886	5.78662652103	1.0
3.13145788947	7.13451248796	1.0
2.96881707734	7.07854924048	1.0
2.97582507713	6.75555972159	1.0
2.72326106934	6.80049391208	1.0
2.91275044665	6.10935123004	1.0
3.0732641269	6.61857687373	1.0
3.243114673	7.38642571668	1.0
2.89090004075	6.69057248094	1.0
2.95347590254	6.89919659972	1.0
3.12504376617	7.04178327838	1.0
3.03708981306	6.6865048772	1.0
2.94974041807	7.12075414781	1.0
3.01489612033	7.35238151031	1.0
3.13191414318	6.07461230907	1.0
3.35676315312	7.7770330679	1.0
2.90337986106	7.00734493469	1.0
2.99652804362	6.40129568972	1.0
3.05553389062	7.07365762269	1.0
2.85406869199	6.25579377428	1.0
2.86318631943	7.14206953886	1.0
2.87691032209	8.06322394865	1.0
3.02536964839	5.94635835447	1.0
2.74315210377	7.00254546333	1.0
2.9026851322	6.79643450314	1.0
3.52942960964	7.5159963094	1.0
3.03268246025	7.09199568681	1.0
3.07066747604	6.82100361985	1.0
3.12019231468	6.359581996	1.0
2.83555863367	6.67013297311	1.0
3.16794131005	6.8827010852	1.0
3.01245815319	7.71352655289	1.0
3.03715854342	7.40266303064	1.0
2.92864354625	5.82207018287	1.0
2.55769288934	6.00300064035	1.0
3.18633946995	7.9544234067	1.0
2.72660504054	6.04748868819	1.0
2.78533924994	6.44722320215	1.0
3.02244745532	7.37320897671	1.0
2.69679870419	6.11455940639	1.0
3.01232923556	7.74331465475	1.0
3.5313265191	7.90793846061	1.0
3.09728701728	7.12647800468	1.0
2.95296024009	7.6976241326	1.0
3.24314727264	7.30808225448	1.0
3.401190691	8.04569313868	1.0
2.75940696366	6.59662117202	1.0
3.32805338072	8.90981547078	1.0
3.39069621194	7.55700325089	1.0
2.99456443582	5.89730301843	1.0
3.33440527255	8.71230901944	1.0
3.15297457719	6.64957161609	1.0
3.34813577832	8.51531056318	1.0
3.03360959623	6.58082137757	1.0
2.86798618053	6.30409565821	1.0
3.21556639148	7.33261989854	1.0
3.28765055544	6.69111849814	1.0
2.74878747001	6.22801217563	1.0
2.64169274844	5.71847223103	1.0
3.05704848028	7.82535649648	1.0
3.09850293123	7.11103503979	1.0
3.02193672571	7.60527483602	1.0
3.13788651163	8.4182373695	1.0
2.78673490456	5.99821294246	1.0
2.81044112412	6.6900925305	1.0
3.19583753171	8.82419549141	1.0
2.88585382957	6.43193711408	1.0
3.01758792605	6.29338903131	1.0
3.41839141994	8.33666714869	1.0
2.7002631131	6.61488969764	1.0
2.83592820015	6.68004264097	1.0
2.8167008822	5.80333757655	1.0
2.90268171301	6.42832809605	1.0
2.77986774292	6.70565912416	1.0
3.1226928201	7.3074392743	1.0
3.03708278304	6.73354374282	1.0
2.70184485522	6.62843260905	1.0
2.85971821929	6.73220093691	1.0
3.55632954398	7.97884361967	1.0
2.79503243626	5.96516221076	1.0
2.79401063149	7.25731032205	1.0
3.17617453657	6.98510728529	1.0
3.24664121836	8.27601545905	1.0
3.11470819433	7.24045322851	1.0
3.10463406136	7.28082442748	1.0
3.21983845479	7.90139089008	1.0
3.03218921642	7.45731453903	1.0
2.6644612671	6.09048457836	1.0
2.88584220077	6.89290629669	1.0
3.14208525112	7.25480290298	1.0
2.96034250683	7.09915523794	1.0
2.75780352165	6.23736622498	1.0
3.2874711083	7.34710333352	1.0
2.69966098012	5.7538250976	1.0
3.27224432807	7.15799044988	1.0
3.07563775194	7.56201329443	1.0
3.28622730529	9.01916243602	1.0
2.78729993955	5.96005518141	1.0
2.89272142645	7.17819228277	1.0
3.05676316862	6.9749726105	1.0
2.96215061541	6.75960536248	1.0
3.04898003798	6.8909426852	1.0
2.77676876538	5.740008935	1.0
2.93703481044	6.80586210697	1.0
3.1019213641	7.98318273344	1.0
3.20085168988	8.04856202603	1.0
3.1027570181	7.12630654006	1.0
3.08803830591	6.87724870878	1.0
3.12298319235	7.4608388592	1.0
2.86424797866	5.98210149988	1.0
3.30393481532	7.1330282436	1.0
3.03693762514	7.03233402219	1.0
2.88357360902	7.10264914048	1.0
2.86585325052	6.92876329266	1.0
2.97556078867	6.671662628	1.0
2.99868131205	6.59554355573	1.0
2.85204415663	6.89328023946	1.0
3.00922620041	7.32228868255	1.0
3.18872385075	7.49659018454	1.0
3.06411300501	7.8955197137	1.0
3.24550584658	7.5520089068	1.0
2.70414716844	5.94857804367	1.0
3.3979447945	7.75429645653	1.0
2.77680603807	7.63762784171	1.0
2.89541064563	6.89820707504	1.0
2.89612100188	7.43582470453	1.0
2.7712340352	5.77662088867	1.0
3.01308826656	7.62857638246	1.0
2.75157259356	6.4356227443	1.0
2.7618130586	6.45077881771	1.0
2.95996397596	6.49900690277	1.0
3.27981835225	8.21159575455	1.0
3.07069184202	7.11247647318	1.0
2.8637359888	6.24163261566	1.0
2.94045921467	6.62860861942	1.0
2.88863235925	6.45679789432	1.0
3.00176370787	6.05379572911	1.0
2.84691699866	6.10920209423	1.0
3.18381105671	6.37847107715	1.0
3.12963198673	6.74202445332	1.0
2.95209458519	6.5238766103	1.0
2.75360225135	6.52009145967	1.0
2.75873798364	6.55147541854	1.0
3.17262807148	7.53679967508	1.0
2.98408978834	6.43524654809	1.0
2.71544131686	6.19659344248	1.0
2.84779415983	6.31965378569	1.0
3.14763675771	7.7091567	1.0
3.10055602099	8.18952018309	1.0
2.94712646552	6.55366376232	1.0
2.98526784486	7.91046579517	1.0
3.01673965275	6.25303031947	1.0
3.0055253801	7.23067533104	1.0
2.9678276378	6.82255473083	1.0
3.1174344118	7.53943763598	1.0
3.2364658514	6.79117276647	1.0
3.02774171484	7.2010890964	1.0
2.90756257697	7.35733145147	1.0
3.34399249444	7.49522044616	1.0
3.14190681547	7.77486677189	1.0
3.13339948381	6.76798150391	1.0
3.03089515389	7.19126684471	1.0
2.96241243893	6.90937586701	1.0
3.23185198226	7.61617253382	1.0
2.95619177858	7.87481557618	1.0
2.73108105867	6.8388553487	1.0
3.10463706813	6.41287028917	1.0
3.1364255275	7.77102329827	1.0
3.47632928363	8.48123212448	1.0
3.16914824603	7.44959227469	1.0
3.03332517213	7.02910670477	1.0
3.02375433505	7.0325774187	1.0
3.39696149713	7.6491240402	1.0
3.12234449541	7.30201968036	1.0
2.75996224348	7.13574724153	1.0
2.97953394106	7.00428680505	1.0
3.26108049292	7.62292953613	1.0
3.23645695773	8.63839540436	1.0
3.00121808748	7.48776936904	1.0
2.89291914824	7.43960895231	1.0
3.1602798412	7.52797336304	1.0
3.15848262872	7.24749329902	1.0
3.31989488227	8.19857825	1.0
2.92947269803	6.96241856819	1.0
2.7498357354	5.5149268947	1.0
2.97792250454	7.03980372682	1.0
3.0466527217	7.45807965949	1.0
2.78604401875	7.30361358759	1.0
3.08314217408	7.35118852923	1.0
2.87338495152	6.30627458541	1.0
3.17028161846	6.19338124063	1.0
2.8675557306	6.25045352688	1.0
2.98233625286	7.97155130929	1.0
2.9375599942	6.46170086436	1.0
2.81056623091	6.79603903581	1.0
2.94724210565	7.46160442661	1.0
3.3991065714	7.61666399901	1.0
2.82143901904	5.91595024943	1.0
3.03932570846	7.28765610106	1.0
3.24291791037	7.89535457404	1.0
3.07807941506	7.35858802382	1.0
3.12393471192	7.19826063662	1.0
2.69014430021	6.58185730471	1.0
3.05747923848	6.55127968115	1.0
3.06997309893	7.77887239912	1.0
3.07120172533	7.61846415009	1.0
2.7695058408	6.30762849646	1.0
2.99363287647	6.85770717289	1.0
3.1871945962	7.76877244024	1.0
2.94003554791	6.85795814146	1.0
2.94134347486	5.98727099408	1.0
2.56471572575	5.62849960055	1.0
3.08561828202	6.61080804043	1.0
3.06723354084	7.1367849247	1.0
2.94074716539	7.53255983496	1.0
2.94146239716	6.46760634997	1.0
2.85857829517	5.6900006656	1.0
3.05865507385	7.85909635514	1.0
2.82396425117	6.27852289061	1.0
3.16561084635	6.70074231279	1.0
3.0355947694	6.99976133304	1.0
3.18141641714	6.47277328346	1.0
2.72101287363	5.9739326355	1.0
2.56250704157	6.34476155788	1.0
2.87631367908	7.82470102728	1.0
3.27889904668	6.59540349852	1.0
3.09345491752	7.70882466871	1.0
2.99299639393	7.01578019683	1.0
2.54918663919	5.65928061741	1.0
3.01482127993	7.47691521613	1.0
3.07313813953	7.47628523337	1.0
3.13276613864	7.85023950401	1.0
3.04499646387	6.19548977722	1.0
3.35774354125	7.85940473806	1.0
2.95948797477	6.6477672543	1.0
3.01106620545	7.83978939063	1.0
3.30884128941	7.89377596116	1.0
3.21385465626	7.42348534691	1.0
2.59913792228	5.65357493952	1.0
3.42602770591	8.81198676762	1.0
3.18569320127	7.0571468631	1.0
3.23567023175	7.98335451151	1.0
3.25469802397	7.60453657099	1.0
3.36792850662	7.4076391954	1.0
3.04076235505	6.65594578746	1.0
3.21418089833	7.29846152002	1.0
2.76751760495	6.7640385526	1.0
2.82922047747	6.83114397579	1.0
3.45467602073	8.32688337804	1.0
3.03337370438	6.81684981323	1.0
3.08814286243	7.47170667951	1.0
2.92524934523	6.62477421904	1.0
3.12973814298	6.97738255065	1.0
3.07353229598	7.0415725058	1.0
3.16183958163	7.41189241781	1.0
2.84830949331	6.68847368948	1.0
3.28363793327	7.49525336263	1.0
2.79243431599	5.81005462343	1.0
3.18968067735	6.6067661977	1.0
3.12844657007	6.92737300743	1.0
2.60932041276	5.83457397156	1.0
2.86787639376	6.74729394907	1.0
3.04747776048	7.12470680341	1.0
3.03282348351	6.95594100257	1.0
2.97657830511	7.62435423614	1.0
3.15743900044	8.04174523264	1.0
3.03959117314	7.04652926133	1.0
3.03102774912	6.93543873894	1.0
2.87766212488	6.14558817133	1.0
3.00043575131	6.53612021262	1.0
3.07176565301	7.2269982782	1.0
2.85331737432	6.77753886041	1.0
2.97889527902	6.71969998368	1.0
3.1088705039	7.40581281357	1.0
3.11895029939	7.4227353561	1.0
3.56037614473	8.62412708499	1.0
2.91011386721	7.1706644747	1.0
2.87030931902	6.98591477107	1.0
3.22893792171	8.00565556826	1.0
3.01794203012	6.71782384353	1.0
2.84636884495	6.98707105493	1.0
3.29528005567	7.55892210546	1.0
3.01671307227	7.4398376171	1.0
3.01799404762	8.07799102274	1.0
2.79792795026	6.89478756482	1.0
3.19696277511	6.0215072091	1.0
3.11020960482	7.58382728078	1.0
2.84700710316	5.89740425682	1.0
3.19542657042	7.71346056614	1.0
2.90600215506	7.06192749282	1.0
2.7437598841	7.07034010255	1.0
3.26110132083	7.52155762519	1.0
2.93972878455	6.41900898532	1.0
3.05708564453	8.01866871595	1.0
3.2651364454	8.1395486725	1.0
3.07620581636	6.72383926516	1.0
3.10718756199	6.44675010549	1.0
2.96701960503	6.98706342308	1.0
2.9922053006	7.1339543477	1.0
3.0704501186	7.45922916204	1.0
3.08451182398	6.77922185357	1.0
2.7046469674	6.36010157783	1.0
3.4790907967	8.22818453757	1.0
2.99917720862	8.17886197559	1.0
3.26833928499	8.28247164734	1.0
3.04143593976	7.64367192899	1.0
2.9659210295	6.86132443243	1.0
2.64738229612	7.40052026604	1.0
3.13144044763	6.64858434608	1.0
2.94643746563	7.2842260399	1.0
3.09994743726	8.06090903449	1.0
2.82174249215	6.56767113474	1.0
3.28864788231	7.83515675262	1.0
3.15255960053	7.7195939572	1.0
3.02386283597	7.30514147789	1.0
2.94722037507	7.24134506949	1.0
3.2649434475	7.82070604565	1.0
2.96977471286	6.72372317332	1.0
3.07489850491	7.41887188238	1.0
3.29555676527	7.32715049539	1.0
2.74269728771	6.16233402632	1.0
2.7238459854	6.65253967353	1.0
2.80114698099	5.42374196277	1.0
2.87522457536	7.17308389785	1.0
2.90955492805	6.67394131521	1.0
3.05397215774	7.21566476955	1.0
2.89937641002	5.82381754308	1.0
3.23178475676	8.08930400811	1.0
2.97613207857	6.4307482947	1.0
3.29102780832	8.71531640109	1.0
2.83582440391	6.12083820425	1.0
3.15168199071	7.81266428514	1.0
2.95716029381	7.72332976665	1.0
3.11842628738	6.09095085927	1.0
3.12506884085	6.96623763602	1.0
2.92122872796	6.62393000585	1.0
2.95243658155	6.59907743276	1.0
2.85309325618	6.94174740715	1.0
2.62374130442	5.28597065689	1.0
3.20622985528	7.4472583775	1.0
2.61986094675	7.0816147939	1.0
3.22451589382	7.69671783874	1.0
2.52567508141	5.52556644433	1.0
